target_date,lead_days,issue_date,issue_time,temperature_2m_max_c,model,source,latitude,longitude
2025-01-01,1,2024-12-31,,11.9,ukmo_uk_deterministic_2km,previous_runs_day1,51.4706,-0.4619
2025-01-02,1,2025-01-01,,5.9,ukmo_uk_deterministic_2km,previous_runs_day1,51.4706,-0.4619
2025-01-03,1,2025-01-02,,3.6,ukmo_uk_deterministic_2km,previous_runs_day1,51.4706,-0.4619
2025-01-04,1,2025-01-03,,4.6,ukmo_uk_deterministic_2km,previous_runs_day1,51.4706,-0.4619
2025-01-05,1,2025-01-04,,12.4,ukmo_uk_deterministic_2km,previous_runs_day1,51.4706,-0.4619
2025-01-06,1,2025-01-05,,11.9,ukmo_uk_deterministic_2km,previous_runs_day1,51.4706,-0.4619
2025-01-07,1,2025-01-06,,4.8,ukmo_uk_deterministic_2km,previous_runs_day1,51.4706,-0.4619
2025-01-08,1,2025-01-07,,2.2,ukmo_uk_deterministic_2km,previous_runs_day1,51.4706,-0.4619
2025-01-09,1,2025-01-08,,2.7,ukmo_uk_deterministic_2km,previous_runs_day1,51.4706,-0.4619
2025-01-10,1,2025-01-09,,2.2,ukmo_uk_deterministic_2km,previous_runs_day1,51.4706,-0.4619
2025-01-11,1,2025-01-10,,3.0,ukmo_uk_deterministic_2km,previous_runs_day1,51.4706,-0.4619
2025-01-12,1,2025-01-11,,5.2,ukmo_uk_deterministic_2km,previous_runs_day1,51.4706,-0.4619
2025-01-13,1,2025-01-12,,5.8,ukmo_uk_deterministic_2km,previous_runs_day1,51.4706,-0.4619
2025-01-14,1,2025-01-13,,7.5,ukmo_uk_deterministic_2km,previous_runs_day1,51.4706,-0.4619
2025-01-15,1,2025-01-14,,10.3,ukmo_uk_deterministic_2km,previous_runs_day1,51.4706,-0.4619
2025-01-16,1,2025-01-15,,8.3,ukmo_uk_deterministic_2km,previous_runs_day1,51.4706,-0.4619
2025-01-17,1,2025-01-16,,6.1,ukmo_uk_deterministic_2km,previous_runs_day1,51.4706,-0.4619
2025-01-18,1,2025-01-17,,3.8,ukmo_uk_deterministic_2km,previous_runs_day1,51.4706,-0.4619
2025-01-19,1,2025-01-18,,3.3,ukmo_uk_deterministic_2km,previous_runs_day1,51.4706,-0.4619
2025-01-20,1,2025-01-19,,5.5,ukmo_uk_deterministic_2km,previous_runs_day1,51.4706,-0.4619
2025-01-21,1,2025-01-20,,6.0,ukmo_uk_deterministic_2km,previous_runs_day1,51.4706,-0.4619
2025-01-22,1,2025-01-21,,5.4,ukmo_uk_deterministic_2km,previous_runs_day1,51.4706,-0.4619
2025-01-23,1,2025-01-22,,8.2,ukmo_uk_deterministic_2km,previous_runs_day1,51.4706,-0.4619
2025-01-24,1,2025-01-23,,10.4,ukmo_uk_deterministic_2km,previous_runs_day1,51.4706,-0.4619
2025-01-25,1,2025-01-24,,6.4,ukmo_uk_deterministic_2km,previous_runs_day1,51.4706,-0.4619
2025-01-26,1,2025-01-25,,8.3,ukmo_uk_deterministic_2km,previous_runs_day1,51.4706,-0.4619
2025-01-27,1,2025-01-26,,7.9,ukmo_uk_deterministic_2km,previous_runs_day1,51.4706,-0.4619
2025-01-28,1,2025-01-27,,8.6,ukmo_uk_deterministic_2km,previous_runs_day1,51.4706,-0.4619
2025-01-29,1,2025-01-28,,8.0,ukmo_uk_deterministic_2km,previous_runs_day1,51.4706,-0.4619
2025-01-30,1,2025-01-29,,6.9,ukmo_uk_deterministic_2km,previous_runs_day1,51.4706,-0.4619
2025-01-31,1,2025-01-30,,8.2,ukmo_uk_deterministic_2km,previous_runs_day1,51.4706,-0.4619
2025-02-01,1,2025-01-31,,7.1,ukmo_uk_deterministic_2km,previous_runs_day1,51.4706,-0.4619
2025-02-02,1,2025-02-01,,7.0,ukmo_uk_deterministic_2km,previous_runs_day1,51.4706,-0.4619
2025-02-03,1,2025-02-02,,8.2,ukmo_uk_deterministic_2km,previous_runs_day1,51.4706,-0.4619
2025-02-04,1,2025-02-03,,10.0,ukmo_uk_deterministic_2km,previous_runs_day1,51.4706,-0.4619
2025-02-05,1,2025-02-04,,8.9,ukmo_uk_deterministic_2km,previous_runs_day1,51.4706,-0.4619
2025-02-06,1,2025-02-05,,8.1,ukmo_uk_deterministic_2km,previous_runs_day1,51.4706,-0.4619
2025-02-07,1,2025-02-06,,4.0,ukmo_uk_deterministic_2km,previous_runs_day1,51.4706,-0.4619
2025-02-08,1,2025-02-07,,6.8,ukmo_uk_deterministic_2km,previous_runs_day1,51.4706,-0.4619
2025-02-09,1,2025-02-08,,5.6,ukmo_uk_deterministic_2km,previous_runs_day1,51.4706,-0.4619
2025-02-10,1,2025-02-09,,4.3,ukmo_uk_deterministic_2km,previous_runs_day1,51.4706,-0.4619
2025-02-11,1,2025-02-10,,4.4,ukmo_uk_deterministic_2km,previous_runs_day1,51.4706,-0.4619
2025-02-12,1,2025-02-11,,6.5,ukmo_uk_deterministic_2km,previous_runs_day1,51.4706,-0.4619
2025-02-13,1,2025-02-12,,5.4,ukmo_uk_deterministic_2km,previous_runs_day1,51.4706,-0.4619
2025-02-14,1,2025-02-13,,5.0,ukmo_uk_deterministic_2km,previous_runs_day1,51.4706,-0.4619
2025-02-15,1,2025-02-14,,6.0,ukmo_uk_deterministic_2km,previous_runs_day1,51.4706,-0.4619
2025-02-16,1,2025-02-15,,4.8,ukmo_uk_deterministic_2km,previous_runs_day1,51.4706,-0.4619
2025-02-17,1,2025-02-16,,5.8,ukmo_uk_deterministic_2km,previous_runs_day1,51.4706,-0.4619
2025-02-18,1,2025-02-17,,7.0,ukmo_uk_deterministic_2km,previous_runs_day1,51.4706,-0.4619
2025-02-19,1,2025-02-18,,8.6,ukmo_uk_deterministic_2km,previous_runs_day1,51.4706,-0.4619
2025-02-20,1,2025-02-19,,11.9,ukmo_uk_deterministic_2km,previous_runs_day1,51.4706,-0.4619
2025-02-21,1,2025-02-20,,14.1,ukmo_uk_deterministic_2km,previous_runs_day1,51.4706,-0.4619
2025-02-22,1,2025-02-21,,12.4,ukmo_uk_deterministic_2km,previous_runs_day1,51.4706,-0.4619
2025-02-23,1,2025-02-22,,10.5,ukmo_uk_deterministic_2km,previous_runs_day1,51.4706,-0.4619
2025-02-24,1,2025-02-23,,12.5,ukmo_uk_deterministic_2km,previous_runs_day1,51.4706,-0.4619
2025-02-25,1,2025-02-24,,10.5,ukmo_uk_deterministic_2km,previous_runs_day1,51.4706,-0.4619
2025-02-26,1,2025-02-25,,8.3,ukmo_uk_deterministic_2km,previous_runs_day1,51.4706,-0.4619
2025-02-27,1,2025-02-26,,9.7,ukmo_uk_deterministic_2km,previous_runs_day1,51.4706,-0.4619
2025-02-28,1,2025-02-27,,9.4,ukmo_uk_deterministic_2km,previous_runs_day1,51.4706,-0.4619
2025-03-01,1,2025-02-28,,9.5,ukmo_uk_deterministic_2km,previous_runs_day1,51.4706,-0.4619
2025-03-02,1,2025-03-01,,8.5,ukmo_uk_deterministic_2km,previous_runs_day1,51.4706,-0.4619
2025-03-03,1,2025-03-02,,10.1,ukmo_uk_deterministic_2km,previous_runs_day1,51.4706,-0.4619
2025-03-04,1,2025-03-03,,11.6,ukmo_uk_deterministic_2km,previous_runs_day1,51.4706,-0.4619
2025-03-05,1,2025-03-04,,13.9,ukmo_uk_deterministic_2km,previous_runs_day1,51.4706,-0.4619
2025-03-06,1,2025-03-05,,13.9,ukmo_uk_deterministic_2km,previous_runs_day1,51.4706,-0.4619
2025-03-07,1,2025-03-06,,14.2,ukmo_uk_deterministic_2km,previous_runs_day1,51.4706,-0.4619
2025-03-08,1,2025-03-07,,15.5,ukmo_uk_deterministic_2km,previous_runs_day1,51.4706,-0.4619
2025-03-09,1,2025-03-08,,16.2,ukmo_uk_deterministic_2km,previous_runs_day1,51.4706,-0.4619
2025-03-10,1,2025-03-09,,13.2,ukmo_uk_deterministic_2km,previous_runs_day1,51.4706,-0.4619
2025-03-11,1,2025-03-10,,8.9,ukmo_uk_deterministic_2km,previous_runs_day1,51.4706,-0.4619
2025-03-12,1,2025-03-11,,8.1,ukmo_uk_deterministic_2km,previous_runs_day1,51.4706,-0.4619
2025-03-13,1,2025-03-12,,7.7,ukmo_uk_deterministic_2km,previous_runs_day1,51.4706,-0.4619
2025-03-14,1,2025-03-13,,8.9,ukmo_uk_deterministic_2km,previous_runs_day1,51.4706,-0.4619
2025-03-15,1,2025-03-14,,9.2,ukmo_uk_deterministic_2km,previous_runs_day1,51.4706,-0.4619
2025-03-16,1,2025-03-15,,9.9,ukmo_uk_deterministic_2km,previous_runs_day1,51.4706,-0.4619
2025-03-17,1,2025-03-16,,9.2,ukmo_uk_deterministic_2km,previous_runs_day1,51.4706,-0.4619
2025-03-18,1,2025-03-17,,9.5,ukmo_uk_deterministic_2km,previous_runs_day1,51.4706,-0.4619
2025-03-19,1,2025-03-18,,15.0,ukmo_uk_deterministic_2km,previous_runs_day1,51.4706,-0.4619
2025-03-20,1,2025-03-19,,18.8,ukmo_uk_deterministic_2km,previous_runs_day1,51.4706,-0.4619
2025-03-21,1,2025-03-20,,16.4,ukmo_uk_deterministic_2km,previous_runs_day1,51.4706,-0.4619
2025-03-22,1,2025-03-21,,15.3,ukmo_uk_deterministic_2km,previous_runs_day1,51.4706,-0.4619
2025-03-23,1,2025-03-22,,16.5,ukmo_uk_deterministic_2km,previous_runs_day1,51.4706,-0.4619
2025-03-24,1,2025-03-23,,13.8,ukmo_uk_deterministic_2km,previous_runs_day1,51.4706,-0.4619
2025-03-25,1,2025-03-24,,13.1,ukmo_uk_deterministic_2km,previous_runs_day1,51.4706,-0.4619
2025-03-26,1,2025-03-25,,15.7,ukmo_uk_deterministic_2km,previous_runs_day1,51.4706,-0.4619
2025-03-27,1,2025-03-26,,16.0,ukmo_uk_deterministic_2km,previous_runs_day1,51.4706,-0.4619
2025-03-28,1,2025-03-27,,13.6,ukmo_uk_deterministic_2km,previous_runs_day1,51.4706,-0.4619
2025-03-29,1,2025-03-28,,13.5,ukmo_uk_deterministic_2km,previous_runs_day1,51.4706,-0.4619
2025-03-30,1,2025-03-29,,15.9,ukmo_uk_deterministic_2km,previous_runs_day1,51.4706,-0.4619
2025-03-31,1,2025-03-30,,16.3,ukmo_uk_deterministic_2km,previous_runs_day1,51.4706,-0.4619
2025-04-01,1,2025-03-31,,14.1,ukmo_uk_deterministic_2km,previous_runs_day1,51.4706,-0.4619
2025-04-02,1,2025-04-01,,15.0,ukmo_uk_deterministic_2km,previous_runs_day1,51.4706,-0.4619
2025-04-03,1,2025-04-02,,18.6,ukmo_uk_deterministic_2km,previous_runs_day1,51.4706,-0.4619
2025-04-04,1,2025-04-03,,21.1,ukmo_uk_deterministic_2km,previous_runs_day1,51.4706,-0.4619
2025-04-05,1,2025-04-04,,18.0,ukmo_uk_deterministic_2km,previous_runs_day1,51.4706,-0.4619
2025-04-06,1,2025-04-05,,13.8,ukmo_uk_deterministic_2km,previous_runs_day1,51.4706,-0.4619
2025-04-07,1,2025-04-06,,14.9,ukmo_uk_deterministic_2km,previous_runs_day1,51.4706,-0.4619
2025-04-08,1,2025-04-07,,15.8,ukmo_uk_deterministic_2km,previous_runs_day1,51.4706,-0.4619
2025-04-09,1,2025-04-08,,15.3,ukmo_uk_deterministic_2km,previous_runs_day1,51.4706,-0.4619
2025-04-10,1,2025-04-09,,14.2,ukmo_uk_deterministic_2km,previous_runs_day1,51.4706,-0.4619
2025-04-11,1,2025-04-10,,20.6,ukmo_uk_deterministic_2km,previous_runs_day1,51.4706,-0.4619
2025-04-12,1,2025-04-11,,20.8,ukmo_uk_deterministic_2km,previous_runs_day1,51.4706,-0.4619
2025-04-13,1,2025-04-12,,16.2,ukmo_uk_deterministic_2km,previous_runs_day1,51.4706,-0.4619
2025-04-14,1,2025-04-13,,16.2,ukmo_uk_deterministic_2km,previous_runs_day1,51.4706,-0.4619
2025-04-15,1,2025-04-14,,18.7,ukmo_uk_deterministic_2km,previous_runs_day1,51.4706,-0.4619
2025-04-16,1,2025-04-15,,14.3,ukmo_uk_deterministic_2km,previous_runs_day1,51.4706,-0.4619
2025-04-17,1,2025-04-16,,14.9,ukmo_uk_deterministic_2km,previous_runs_day1,51.4706,-0.4619
2025-04-18,1,2025-04-17,,16.3,ukmo_uk_deterministic_2km,previous_runs_day1,51.4706,-0.4619
2025-04-19,1,2025-04-18,,15.3,ukmo_uk_deterministic_2km,previous_runs_day1,51.4706,-0.4619
2025-04-20,1,2025-04-19,,14.7,ukmo_uk_deterministic_2km,previous_runs_day1,51.4706,-0.4619
2025-04-21,1,2025-04-20,,14.1,ukmo_uk_deterministic_2km,previous_runs_day1,51.4706,-0.4619
2025-04-22,1,2025-04-21,,15.8,ukmo_uk_deterministic_2km,previous_runs_day1,51.4706,-0.4619
2025-04-23,1,2025-04-22,,13.4,ukmo_uk_deterministic_2km,previous_runs_day1,51.4706,-0.4619
2025-04-24,1,2025-04-23,,16.4,ukmo_uk_deterministic_2km,previous_runs_day1,51.4706,-0.4619
2025-04-25,1,2025-04-24,,15.2,ukmo_uk_deterministic_2km,previous_runs_day1,51.4706,-0.4619
2025-04-26,1,2025-04-25,,17.6,ukmo_uk_deterministic_2km,previous_runs_day1,51.4706,-0.4619
2025-04-27,1,2025-04-26,,20.4,ukmo_uk_deterministic_2km,previous_runs_day1,51.4706,-0.4619
2025-04-28,1,2025-04-27,,22.6,ukmo_uk_deterministic_2km,previous_runs_day1,51.4706,-0.4619
2025-04-29,1,2025-04-28,,23.7,ukmo_uk_deterministic_2km,previous_runs_day1,51.4706,-0.4619
2025-04-30,1,2025-04-29,,26.3,ukmo_uk_deterministic_2km,previous_runs_day1,51.4706,-0.4619
2025-05-01,1,2025-04-30,,28.0,ukmo_uk_deterministic_2km,previous_runs_day1,51.4706,-0.4619
2025-05-02,1,2025-05-01,,24.4,ukmo_uk_deterministic_2km,previous_runs_day1,51.4706,-0.4619
2025-05-03,1,2025-05-02,,20.5,ukmo_uk_deterministic_2km,previous_runs_day1,51.4706,-0.4619
2025-05-04,1,2025-05-03,,14.5,ukmo_uk_deterministic_2km,previous_runs_day1,51.4706,-0.4619
2025-05-05,1,2025-05-04,,15.3,ukmo_uk_deterministic_2km,previous_runs_day1,51.4706,-0.4619
2025-05-06,1,2025-05-05,,15.8,ukmo_uk_deterministic_2km,previous_runs_day1,51.4706,-0.4619
2025-05-07,1,2025-05-06,,17.0,ukmo_uk_deterministic_2km,previous_runs_day1,51.4706,-0.4619
2025-05-08,1,2025-05-07,,17.9,ukmo_uk_deterministic_2km,previous_runs_day1,51.4706,-0.4619
2025-05-09,1,2025-05-08,,18.8,ukmo_uk_deterministic_2km,previous_runs_day1,51.4706,-0.4619
2025-05-10,1,2025-05-09,,22.1,ukmo_uk_deterministic_2km,previous_runs_day1,51.4706,-0.4619
2025-05-11,1,2025-05-10,,24.4,ukmo_uk_deterministic_2km,previous_runs_day1,51.4706,-0.4619
2025-05-12,1,2025-05-11,,22.0,ukmo_uk_deterministic_2km,previous_runs_day1,51.4706,-0.4619
2025-05-13,1,2025-05-12,,25.1,ukmo_uk_deterministic_2km,previous_runs_day1,51.4706,-0.4619
2025-05-14,1,2025-05-13,,23.3,ukmo_uk_deterministic_2km,previous_runs_day1,51.4706,-0.4619
2025-05-15,1,2025-05-14,,19.2,ukmo_uk_deterministic_2km,previous_runs_day1,51.4706,-0.4619
2025-05-16,1,2025-05-15,,20.8,ukmo_uk_deterministic_2km,previous_runs_day1,51.4706,-0.4619
2025-05-17,1,2025-05-16,,21.1,ukmo_uk_deterministic_2km,previous_runs_day1,51.4706,-0.4619
2025-05-18,1,2025-05-17,,19.4,ukmo_uk_deterministic_2km,previous_runs_day1,51.4706,-0.4619
2025-05-19,1,2025-05-18,,20.1,ukmo_uk_deterministic_2km,previous_runs_day1,51.4706,-0.4619
2025-05-20,1,2025-05-19,,22.1,ukmo_uk_deterministic_2km,previous_runs_day1,51.4706,-0.4619
2025-05-21,1,2025-05-20,,17.0,ukmo_uk_deterministic_2km,previous_runs_day1,51.4706,-0.4619
2025-05-22,1,2025-05-21,,13.5,ukmo_uk_deterministic_2km,previous_runs_day1,51.4706,-0.4619
2025-05-23,1,2025-05-22,,18.1,ukmo_uk_deterministic_2km,previous_runs_day1,51.4706,-0.4619
2025-05-24,1,2025-05-23,,18.7,ukmo_uk_deterministic_2km,previous_runs_day1,51.4706,-0.4619
2025-05-25,1,2025-05-24,,20.4,ukmo_uk_deterministic_2km,previous_runs_day1,51.4706,-0.4619
2025-05-26,1,2025-05-25,,16.4,ukmo_uk_deterministic_2km,previous_runs_day1,51.4706,-0.4619
2025-05-27,1,2025-05-26,,16.6,ukmo_uk_deterministic_2km,previous_runs_day1,51.4706,-0.4619
2025-05-28,1,2025-05-27,,20.5,ukmo_uk_deterministic_2km,previous_runs_day1,51.4706,-0.4619
2025-05-29,1,2025-05-28,,21.6,ukmo_uk_deterministic_2km,previous_runs_day1,51.4706,-0.4619
2025-05-30,1,2025-05-29,,24.1,ukmo_uk_deterministic_2km,previous_runs_day1,51.4706,-0.4619
2025-05-31,1,2025-05-30,,24.9,ukmo_uk_deterministic_2km,previous_runs_day1,51.4706,-0.4619
2025-06-01,1,2025-05-31,,20.8,ukmo_uk_deterministic_2km,previous_runs_day1,51.4706,-0.4619
2025-06-02,1,2025-06-01,,21.6,ukmo_uk_deterministic_2km,previous_runs_day1,51.4706,-0.4619
2025-06-03,1,2025-06-02,,18.7,ukmo_uk_deterministic_2km,previous_runs_day1,51.4706,-0.4619
2025-06-04,1,2025-06-03,,18.6,ukmo_uk_deterministic_2km,previous_runs_day1,51.4706,-0.4619
2025-06-05,1,2025-06-04,,17.3,ukmo_uk_deterministic_2km,previous_runs_day1,51.4706,-0.4619
2025-06-06,1,2025-06-05,,20.0,ukmo_uk_deterministic_2km,previous_runs_day1,51.4706,-0.4619
2025-06-07,1,2025-06-06,,16.0,ukmo_uk_deterministic_2km,previous_runs_day1,51.4706,-0.4619
2025-06-08,1,2025-06-07,,18.7,ukmo_uk_deterministic_2km,previous_runs_day1,51.4706,-0.4619
2025-06-09,1,2025-06-08,,20.2,ukmo_uk_deterministic_2km,previous_runs_day1,51.4706,-0.4619
2025-06-10,1,2025-06-09,,22.1,ukmo_uk_deterministic_2km,previous_runs_day1,51.4706,-0.4619
2025-06-11,1,2025-06-10,,24.2,ukmo_uk_deterministic_2km,previous_runs_day1,51.4706,-0.4619
2025-06-12,1,2025-06-11,,23.2,ukmo_uk_deterministic_2km,previous_runs_day1,51.4706,-0.4619
2025-06-13,1,2025-06-12,,26.1,ukmo_uk_deterministic_2km,previous_runs_day1,51.4706,-0.4619
2025-06-14,1,2025-06-13,,23.5,ukmo_uk_deterministic_2km,previous_runs_day1,51.4706,-0.4619
2025-06-15,1,2025-06-14,,22.9,ukmo_uk_deterministic_2km,previous_runs_day1,51.4706,-0.4619
2025-06-16,1,2025-06-15,,25.0,ukmo_uk_deterministic_2km,previous_runs_day1,51.4706,-0.4619
2025-06-17,1,2025-06-16,,26.4,ukmo_uk_deterministic_2km,previous_runs_day1,51.4706,-0.4619
2025-06-18,1,2025-06-17,,27.5,ukmo_uk_deterministic_2km,previous_runs_day1,51.4706,-0.4619
2025-06-19,1,2025-06-18,,30.4,ukmo_uk_deterministic_2km,previous_runs_day1,51.4706,-0.4619
2025-06-20,1,2025-06-19,,28.9,ukmo_uk_deterministic_2km,previous_runs_day1,51.4706,-0.4619
2025-06-21,1,2025-06-20,,31.1,ukmo_uk_deterministic_2km,previous_runs_day1,51.4706,-0.4619
2025-06-22,1,2025-06-21,,25.1,ukmo_uk_deterministic_2km,previous_runs_day1,51.4706,-0.4619
2025-06-23,1,2025-06-22,,22.3,ukmo_uk_deterministic_2km,previous_runs_day1,51.4706,-0.4619
2025-06-24,1,2025-06-23,,24.0,ukmo_uk_deterministic_2km,previous_runs_day1,51.4706,-0.4619
2025-06-25,1,2025-06-24,,26.4,ukmo_uk_deterministic_2km,previous_runs_day1,51.4706,-0.4619
2025-06-26,1,2025-06-25,,24.9,ukmo_uk_deterministic_2km,previous_runs_day1,51.4706,-0.4619
2025-06-27,1,2025-06-26,,26.3,ukmo_uk_deterministic_2km,previous_runs_day1,51.4706,-0.4619
2025-06-28,1,2025-06-27,,27.9,ukmo_uk_deterministic_2km,previous_runs_day1,51.4706,-0.4619
2025-06-29,1,2025-06-28,,28.6,ukmo_uk_deterministic_2km,previous_runs_day1,51.4706,-0.4619
2025-06-30,1,2025-06-29,,31.4,ukmo_uk_deterministic_2km,previous_runs_day1,51.4706,-0.4619
2025-07-01,1,2025-06-30,,30.6,ukmo_uk_deterministic_2km,previous_runs_day1,51.4706,-0.4619
2025-07-02,1,2025-07-01,,25.4,ukmo_uk_deterministic_2km,previous_runs_day1,51.4706,-0.4619
2025-07-03,1,2025-07-02,,23.8,ukmo_uk_deterministic_2km,previous_runs_day1,51.4706,-0.4619
2025-07-04,1,2025-07-03,,26.1,ukmo_uk_deterministic_2km,previous_runs_day1,51.4706,-0.4619
2025-07-05,1,2025-07-04,,21.8,ukmo_uk_deterministic_2km,previous_runs_day1,51.4706,-0.4619
2025-07-06,1,2025-07-05,,21.4,ukmo_uk_deterministic_2km,previous_runs_day1,51.4706,-0.4619
2025-07-07,1,2025-07-06,,21.2,ukmo_uk_deterministic_2km,previous_runs_day1,51.4706,-0.4619
2025-07-08,1,2025-07-07,,23.5,ukmo_uk_deterministic_2km,previous_runs_day1,51.4706,-0.4619
2025-07-09,1,2025-07-08,,26.4,ukmo_uk_deterministic_2km,previous_runs_day1,51.4706,-0.4619
2025-07-10,1,2025-07-09,,30.5,ukmo_uk_deterministic_2km,previous_runs_day1,51.4706,-0.4619
2025-07-11,1,2025-07-10,,31.8,ukmo_uk_deterministic_2km,previous_runs_day1,51.4706,-0.4619
2025-07-12,1,2025-07-11,,30.2,ukmo_uk_deterministic_2km,previous_runs_day1,51.4706,-0.4619
2025-07-13,1,2025-07-12,,28.6,ukmo_uk_deterministic_2km,previous_runs_day1,51.4706,-0.4619
2025-07-14,1,2025-07-13,,26.0,ukmo_uk_deterministic_2km,previous_runs_day1,51.4706,-0.4619
2025-07-15,1,2025-07-14,,21.4,ukmo_uk_deterministic_2km,previous_runs_day1,51.4706,-0.4619
2025-07-16,1,2025-07-15,,27.2,ukmo_uk_deterministic_2km,previous_runs_day1,51.4706,-0.4619
2025-07-17,1,2025-07-16,,25.3,ukmo_uk_deterministic_2km,previous_runs_day1,51.4706,-0.4619
2025-07-18,1,2025-07-17,,29.4,ukmo_uk_deterministic_2km,previous_runs_day1,51.4706,-0.4619
2025-07-19,1,2025-07-18,,25.8,ukmo_uk_deterministic_2km,previous_runs_day1,51.4706,-0.4619
2025-07-20,1,2025-07-19,,23.0,ukmo_uk_deterministic_2km,previous_runs_day1,51.4706,-0.4619
2025-07-21,1,2025-07-20,,23.1,ukmo_uk_deterministic_2km,previous_runs_day1,51.4706,-0.4619
2025-07-22,1,2025-07-21,,22.2,ukmo_uk_deterministic_2km,previous_runs_day1,51.4706,-0.4619
2025-07-23,1,2025-07-22,,22.9,ukmo_uk_deterministic_2km,previous_runs_day1,51.4706,-0.4619
2025-07-24,1,2025-07-23,,21.2,ukmo_uk_deterministic_2km,previous_runs_day1,51.4706,-0.4619
2025-07-25,1,2025-07-24,,25.4,ukmo_uk_deterministic_2km,previous_runs_day1,51.4706,-0.4619
2025-07-26,1,2025-07-25,,23.5,ukmo_uk_deterministic_2km,previous_runs_day1,51.4706,-0.4619
2025-07-27,1,2025-07-26,,20.3,ukmo_uk_deterministic_2km,previous_runs_day1,51.4706,-0.4619
2025-07-28,1,2025-07-27,,24.6,ukmo_uk_deterministic_2km,previous_runs_day1,51.4706,-0.4619
2025-07-29,1,2025-07-28,,21.8,ukmo_uk_deterministic_2km,previous_runs_day1,51.4706,-0.4619
2025-07-30,1,2025-07-29,,24.6,ukmo_uk_deterministic_2km,previous_runs_day1,51.4706,-0.4619
2025-07-31,1,2025-07-30,,21.8,ukmo_uk_deterministic_2km,previous_runs_day1,51.4706,-0.4619
2025-08-01,1,2025-07-31,,20.5,ukmo_uk_deterministic_2km,previous_runs_day1,51.4706,-0.4619
2025-08-02,1,2025-08-01,,21.6,ukmo_uk_deterministic_2km,previous_runs_day1,51.4706,-0.4619
2025-08-03,1,2025-08-02,,20.8,ukmo_uk_deterministic_2km,previous_runs_day1,51.4706,-0.4619
2025-08-04,1,2025-08-03,,22.4,ukmo_uk_deterministic_2km,previous_runs_day1,51.4706,-0.4619
2025-08-05,1,2025-08-04,,22.8,ukmo_uk_deterministic_2km,previous_runs_day1,51.4706,-0.4619
2025-08-06,1,2025-08-05,,23.6,ukmo_uk_deterministic_2km,previous_runs_day1,51.4706,-0.4619
2025-08-07,1,2025-08-06,,21.9,ukmo_uk_deterministic_2km,previous_runs_day1,51.4706,-0.4619
2025-08-08,1,2025-08-07,,26.0,ukmo_uk_deterministic_2km,previous_runs_day1,51.4706,-0.4619
2025-08-09,1,2025-08-08,,25.5,ukmo_uk_deterministic_2km,previous_runs_day1,51.4706,-0.4619
2025-08-10,1,2025-08-09,,26.4,ukmo_uk_deterministic_2km,previous_runs_day1,51.4706,-0.4619
2025-08-11,1,2025-08-10,,30.0,ukmo_uk_deterministic_2km,previous_runs_day1,51.4706,-0.4619
2025-08-12,1,2025-08-11,,34.2,ukmo_uk_deterministic_2km,previous_runs_day1,51.4706,-0.4619
2025-08-13,1,2025-08-12,,27.4,ukmo_uk_deterministic_2km,previous_runs_day1,51.4706,-0.4619
2025-08-14,1,2025-08-13,,28.0,ukmo_uk_deterministic_2km,previous_runs_day1,51.4706,-0.4619
2025-08-15,1,2025-08-14,,29.1,ukmo_uk_deterministic_2km,previous_runs_day1,51.4706,-0.4619
2025-08-16,1,2025-08-15,,25.6,ukmo_uk_deterministic_2km,previous_runs_day1,51.4706,-0.4619
2025-08-17,1,2025-08-16,,24.5,ukmo_uk_deterministic_2km,previous_runs_day1,51.4706,-0.4619
2025-08-18,1,2025-08-17,,24.5,ukmo_uk_deterministic_2km,previous_runs_day1,51.4706,-0.4619
2025-08-19,1,2025-08-18,,25.0,ukmo_uk_deterministic_2km,previous_runs_day1,51.4706,-0.4619
2025-08-20,1,2025-08-19,,22.4,ukmo_uk_deterministic_2km,previous_runs_day1,51.4706,-0.4619
2025-08-21,1,2025-08-20,,21.0,ukmo_uk_deterministic_2km,previous_runs_day1,51.4706,-0.4619
2025-08-22,1,2025-08-21,,20.8,ukmo_uk_deterministic_2km,previous_runs_day1,51.4706,-0.4619
2025-08-23,1,2025-08-22,,22.6,ukmo_uk_deterministic_2km,previous_runs_day1,51.4706,-0.4619
2025-08-24,1,2025-08-23,,23.4,ukmo_uk_deterministic_2km,previous_runs_day1,51.4706,-0.4619
2025-08-25,1,2025-08-24,,26.4,ukmo_uk_deterministic_2km,previous_runs_day1,51.4706,-0.4619
2025-08-26,1,2025-08-25,,26.0,ukmo_uk_deterministic_2km,previous_runs_day1,51.4706,-0.4619
2025-08-27,1,2025-08-26,,21.8,ukmo_uk_deterministic_2km,previous_runs_day1,51.4706,-0.4619
2025-08-28,1,2025-08-27,,19.8,ukmo_uk_deterministic_2km,previous_runs_day1,51.4706,-0.4619
2025-08-29,1,2025-08-28,,20.1,ukmo_uk_deterministic_2km,previous_runs_day1,51.4706,-0.4619
2025-08-30,1,2025-08-29,,20.8,ukmo_uk_deterministic_2km,previous_runs_day1,51.4706,-0.4619
2025-08-31,1,2025-08-30,,21.8,ukmo_uk_deterministic_2km,previous_runs_day1,51.4706,-0.4619
2025-09-01,1,2025-08-31,,19.6,ukmo_uk_deterministic_2km,previous_runs_day1,51.4706,-0.4619
2025-09-02,1,2025-09-01,,18.3,ukmo_uk_deterministic_2km,previous_runs_day1,51.4706,-0.4619
2025-09-03,1,2025-09-02,,21.8,ukmo_uk_deterministic_2km,previous_runs_day1,51.4706,-0.4619
2025-09-04,1,2025-09-03,,19.6,ukmo_uk_deterministic_2km,previous_runs_day1,51.4706,-0.4619
2025-09-05,1,2025-09-04,,21.0,ukmo_uk_deterministic_2km,previous_runs_day1,51.4706,-0.4619
2025-09-06,1,2025-09-05,,22.9,ukmo_uk_deterministic_2km,previous_runs_day1,51.4706,-0.4619
2025-09-07,1,2025-09-06,,25.0,ukmo_uk_deterministic_2km,previous_runs_day1,51.4706,-0.4619
2025-09-08,1,2025-09-07,,20.5,ukmo_uk_deterministic_2km,previous_runs_day1,51.4706,-0.4619
2025-09-09,1,2025-09-08,,20.9,ukmo_uk_deterministic_2km,previous_runs_day1,51.4706,-0.4619
2025-09-10,1,2025-09-09,,18.3,ukmo_uk_deterministic_2km,previous_runs_day1,51.4706,-0.4619
2025-09-11,1,2025-09-10,,18.8,ukmo_uk_deterministic_2km,previous_runs_day1,51.4706,-0.4619
2025-09-12,1,2025-09-11,,17.4,ukmo_uk_deterministic_2km,previous_runs_day1,51.4706,-0.4619
2025-09-13,1,2025-09-12,,17.8,ukmo_uk_deterministic_2km,previous_runs_day1,51.4706,-0.4619
2025-09-14,1,2025-09-13,,17.9,ukmo_uk_deterministic_2km,previous_runs_day1,51.4706,-0.4619
2025-09-15,1,2025-09-14,,18.1,ukmo_uk_deterministic_2km,previous_runs_day1,51.4706,-0.4619
2025-09-16,1,2025-09-15,,18.8,ukmo_uk_deterministic_2km,previous_runs_day1,51.4706,-0.4619
2025-09-17,1,2025-09-16,,18.0,ukmo_uk_deterministic_2km,previous_runs_day1,51.4706,-0.4619
2025-09-18,1,2025-09-17,,21.7,ukmo_uk_deterministic_2km,previous_runs_day1,51.4706,-0.4619
2025-09-19,1,2025-09-18,,25.5,ukmo_uk_deterministic_2km,previous_runs_day1,51.4706,-0.4619
2025-09-20,1,2025-09-19,,19.5,ukmo_uk_deterministic_2km,previous_runs_day1,51.4706,-0.4619
2025-09-21,1,2025-09-20,,16.3,ukmo_uk_deterministic_2km,previous_runs_day1,51.4706,-0.4619
2025-09-22,1,2025-09-21,,16.7,ukmo_uk_deterministic_2km,previous_runs_day1,51.4706,-0.4619
2025-09-23,1,2025-09-22,,16.9,ukmo_uk_deterministic_2km,previous_runs_day1,51.4706,-0.4619
2025-09-24,1,2025-09-23,,18.4,ukmo_uk_deterministic_2km,previous_runs_day1,51.4706,-0.4619
2025-09-25,1,2025-09-24,,18.6,ukmo_uk_deterministic_2km,previous_runs_day1,51.4706,-0.4619
2025-09-26,1,2025-09-25,,16.3,ukmo_uk_deterministic_2km,previous_runs_day1,51.4706,-0.4619
2025-09-27,1,2025-09-26,,16.7,ukmo_uk_deterministic_2km,previous_runs_day1,51.4706,-0.4619
2025-09-28,1,2025-09-27,,15.9,ukmo_uk_deterministic_2km,previous_runs_day1,51.4706,-0.4619
2025-09-29,1,2025-09-28,,17.9,ukmo_uk_deterministic_2km,previous_runs_day1,51.4706,-0.4619
2025-09-30,1,2025-09-29,,19.1,ukmo_uk_deterministic_2km,previous_runs_day1,51.4706,-0.4619
2025-10-01,1,2025-09-30,,19.1,ukmo_uk_deterministic_2km,previous_runs_day1,51.4706,-0.4619
2025-10-02,1,2025-10-01,,18.9,ukmo_uk_deterministic_2km,previous_runs_day1,51.4706,-0.4619
2025-10-03,1,2025-10-02,,17.5,ukmo_uk_deterministic_2km,previous_runs_day1,51.4706,-0.4619
2025-10-04,1,2025-10-03,,17.5,ukmo_uk_deterministic_2km,previous_runs_day1,51.4706,-0.4619
2025-10-05,1,2025-10-04,,16.0,ukmo_uk_deterministic_2km,previous_runs_day1,51.4706,-0.4619
2025-10-06,1,2025-10-05,,19.3,ukmo_uk_deterministic_2km,previous_runs_day1,51.4706,-0.4619
2025-10-07,1,2025-10-06,,18.0,ukmo_uk_deterministic_2km,previous_runs_day1,51.4706,-0.4619
2025-10-08,1,2025-10-07,,17.5,ukmo_uk_deterministic_2km,previous_runs_day1,51.4706,-0.4619
2025-10-09,1,2025-10-08,,17.4,ukmo_uk_deterministic_2km,previous_runs_day1,51.4706,-0.4619
2025-10-10,1,2025-10-09,,17.0,ukmo_uk_deterministic_2km,previous_runs_day1,51.4706,-0.4619
2025-10-11,1,2025-10-10,,16.3,ukmo_uk_deterministic_2km,previous_runs_day1,51.4706,-0.4619
2025-10-12,1,2025-10-11,,16.2,ukmo_uk_deterministic_2km,previous_runs_day1,51.4706,-0.4619
2025-10-13,1,2025-10-12,,17.9,ukmo_uk_deterministic_2km,previous_runs_day1,51.4706,-0.4619
2025-10-14,1,2025-10-13,,14.8,ukmo_uk_deterministic_2km,previous_runs_day1,51.4706,-0.4619
2025-10-15,1,2025-10-14,,14.9,ukmo_uk_deterministic_2km,previous_runs_day1,51.4706,-0.4619
2025-10-16,1,2025-10-15,,16.5,ukmo_uk_deterministic_2km,previous_runs_day1,51.4706,-0.4619
2025-10-17,1,2025-10-16,,16.3,ukmo_uk_deterministic_2km,previous_runs_day1,51.4706,-0.4619
2025-10-18,1,2025-10-17,,15.7,ukmo_uk_deterministic_2km,previous_runs_day1,51.4706,-0.4619
2025-10-19,1,2025-10-18,,15.3,ukmo_uk_deterministic_2km,previous_runs_day1,51.4706,-0.4619
2025-10-20,1,2025-10-19,,14.4,ukmo_uk_deterministic_2km,previous_runs_day1,51.4706,-0.4619
2025-10-21,1,2025-10-20,,14.8,ukmo_uk_deterministic_2km,previous_runs_day1,51.4706,-0.4619
2025-10-22,1,2025-10-21,,15.7,ukmo_uk_deterministic_2km,previous_runs_day1,51.4706,-0.4619
2025-10-23,1,2025-10-22,,12.3,ukmo_uk_deterministic_2km,previous_runs_day1,51.4706,-0.4619
2025-10-24,1,2025-10-23,,12.1,ukmo_uk_deterministic_2km,previous_runs_day1,51.4706,-0.4619
2025-10-25,1,2025-10-24,,10.8,ukmo_uk_deterministic_2km,previous_runs_day1,51.4706,-0.4619
2025-10-26,1,2025-10-25,,10.8,ukmo_uk_deterministic_2km,previous_runs_day1,51.4706,-0.4619
2025-10-27,1,2025-10-26,,12.8,ukmo_uk_deterministic_2km,previous_runs_day1,51.4706,-0.4619
2025-10-28,1,2025-10-27,,14.7,ukmo_uk_deterministic_2km,previous_runs_day1,51.4706,-0.4619
2025-10-29,1,2025-10-28,,12.6,ukmo_uk_deterministic_2km,previous_runs_day1,51.4706,-0.4619
2025-10-30,1,2025-10-29,,13.6,ukmo_uk_deterministic_2km,previous_runs_day1,51.4706,-0.4619
2025-10-31,1,2025-10-30,,15.1,ukmo_uk_deterministic_2km,previous_runs_day1,51.4706,-0.4619
2025-11-01,1,2025-10-31,,14.7,ukmo_uk_deterministic_2km,previous_runs_day1,51.4706,-0.4619
2025-11-02,1,2025-11-01,,11.9,ukmo_uk_deterministic_2km,previous_runs_day1,51.4706,-0.4619
2025-11-03,1,2025-11-02,,15.5,ukmo_uk_deterministic_2km,previous_runs_day1,51.4706,-0.4619
2025-11-04,1,2025-11-03,,14.6,ukmo_uk_deterministic_2km,previous_runs_day1,51.4706,-0.4619
2025-11-05,1,2025-11-04,,16.1,ukmo_uk_deterministic_2km,previous_runs_day1,51.4706,-0.4619
2025-11-06,1,2025-11-05,,16.0,ukmo_uk_deterministic_2km,previous_runs_day1,51.4706,-0.4619
2025-11-07,1,2025-11-06,,15.6,ukmo_uk_deterministic_2km,previous_runs_day1,51.4706,-0.4619
2025-11-08,1,2025-11-07,,14.4,ukmo_uk_deterministic_2km,previous_runs_day1,51.4706,-0.4619
2025-11-09,1,2025-11-08,,14.3,ukmo_uk_deterministic_2km,previous_runs_day1,51.4706,-0.4619
2025-11-10,1,2025-11-09,,13.8,ukmo_uk_deterministic_2km,previous_runs_day1,51.4706,-0.4619
2025-11-11,1,2025-11-10,,14.3,ukmo_uk_deterministic_2km,previous_runs_day1,51.4706,-0.4619
2025-11-12,1,2025-11-11,,15.1,ukmo_uk_deterministic_2km,previous_runs_day1,51.4706,-0.4619
2025-11-13,1,2025-11-12,,16.6,ukmo_uk_deterministic_2km,previous_runs_day1,51.4706,-0.4619
2025-11-14,1,2025-11-13,,15.0,ukmo_uk_deterministic_2km,previous_runs_day1,51.4706,-0.4619
2025-11-15,1,2025-11-14,,14.7,ukmo_uk_deterministic_2km,previous_runs_day1,51.4706,-0.4619
2025-11-16,1,2025-11-15,,10.3,ukmo_uk_deterministic_2km,previous_runs_day1,51.4706,-0.4619
2025-11-17,1,2025-11-16,,7.7,ukmo_uk_deterministic_2km,previous_runs_day1,51.4706,-0.4619
2025-11-18,1,2025-11-17,,8.5,ukmo_uk_deterministic_2km,previous_runs_day1,51.4706,-0.4619
2025-11-19,1,2025-11-18,,6.4,ukmo_uk_deterministic_2km,previous_runs_day1,51.4706,-0.4619
2025-11-20,1,2025-11-19,,4.0,ukmo_uk_deterministic_2km,previous_runs_day1,51.4706,-0.4619
2025-11-21,1,2025-11-20,,4.4,ukmo_uk_deterministic_2km,previous_runs_day1,51.4706,-0.4619
2025-11-22,1,2025-11-21,,7.5,ukmo_uk_deterministic_2km,previous_runs_day1,51.4706,-0.4619
2025-11-23,1,2025-11-22,,10.3,ukmo_uk_deterministic_2km,previous_runs_day1,51.4706,-0.4619
2025-11-24,1,2025-11-23,,7.4,ukmo_uk_deterministic_2km,previous_runs_day1,51.4706,-0.4619
2025-11-25,1,2025-11-24,,7.0,ukmo_uk_deterministic_2km,previous_runs_day1,51.4706,-0.4619
2025-11-26,1,2025-11-25,,7.5,ukmo_uk_deterministic_2km,previous_runs_day1,51.4706,-0.4619
2025-11-27,1,2025-11-26,,13.3,ukmo_uk_deterministic_2km,previous_runs_day1,51.4706,-0.4619
2025-11-28,1,2025-11-27,,12.8,ukmo_uk_deterministic_2km,previous_runs_day1,51.4706,-0.4619
2025-11-29,1,2025-11-28,,10.9,ukmo_uk_deterministic_2km,previous_runs_day1,51.4706,-0.4619
2025-11-30,1,2025-11-29,,7.4,ukmo_uk_deterministic_2km,previous_runs_day1,51.4706,-0.4619
2025-12-01,1,2025-11-30,,11.1,ukmo_uk_deterministic_2km,previous_runs_day1,51.4706,-0.4619
2025-12-02,1,2025-12-01,,10.2,ukmo_uk_deterministic_2km,previous_runs_day1,51.4706,-0.4619
2025-12-03,1,2025-12-02,,9.6,ukmo_uk_deterministic_2km,previous_runs_day1,51.4706,-0.4619
2025-12-04,1,2025-12-03,,8.0,ukmo_uk_deterministic_2km,previous_runs_day1,51.4706,-0.4619
2025-12-05,1,2025-12-04,,9.0,ukmo_uk_deterministic_2km,previous_runs_day1,51.4706,-0.4619
2025-12-06,1,2025-12-05,,11.2,ukmo_uk_deterministic_2km,previous_runs_day1,51.4706,-0.4619
2025-12-07,1,2025-12-06,,14.0,ukmo_uk_deterministic_2km,previous_runs_day1,51.4706,-0.4619
2025-12-08,1,2025-12-07,,13.8,ukmo_uk_deterministic_2km,previous_runs_day1,51.4706,-0.4619
2025-12-09,1,2025-12-08,,13.7,ukmo_uk_deterministic_2km,previous_runs_day1,51.4706,-0.4619
2025-12-10,1,2025-12-09,,12.1,ukmo_uk_deterministic_2km,previous_runs_day1,51.4706,-0.4619
2025-12-11,1,2025-12-10,,11.1,ukmo_uk_deterministic_2km,previous_runs_day1,51.4706,-0.4619
2025-12-12,1,2025-12-11,,12.0,ukmo_uk_deterministic_2km,previous_runs_day1,51.4706,-0.4619
2025-12-13,1,2025-12-12,,9.9,ukmo_uk_deterministic_2km,previous_runs_day1,51.4706,-0.4619
2025-12-14,1,2025-12-13,,11.1,ukmo_uk_deterministic_2km,previous_runs_day1,51.4706,-0.4619
2025-12-15,1,2025-12-14,,11.3,ukmo_uk_deterministic_2km,previous_runs_day1,51.4706,-0.4619
2025-12-16,1,2025-12-15,,11.6,ukmo_uk_deterministic_2km,previous_runs_day1,51.4706,-0.4619
2025-12-17,1,2025-12-16,,9.7,ukmo_uk_deterministic_2km,previous_runs_day1,51.4706,-0.4619
2025-12-18,1,2025-12-17,,11.8,ukmo_uk_deterministic_2km,previous_runs_day1,51.4706,-0.4619
2025-12-19,1,2025-12-18,,10.7,ukmo_uk_deterministic_2km,previous_runs_day1,51.4706,-0.4619
2025-12-20,1,2025-12-19,,9.6,ukmo_uk_deterministic_2km,previous_runs_day1,51.4706,-0.4619
2025-12-21,1,2025-12-20,,10.7,ukmo_uk_deterministic_2km,previous_runs_day1,51.4706,-0.4619
2025-12-22,1,2025-12-21,,11.3,ukmo_uk_deterministic_2km,previous_runs_day1,51.4706,-0.4619
2025-12-23,1,2025-12-22,,9.7,ukmo_uk_deterministic_2km,previous_runs_day1,51.4706,-0.4619
2025-12-24,1,2025-12-23,,5.5,ukmo_uk_deterministic_2km,previous_runs_day1,51.4706,-0.4619
2025-12-25,1,2025-12-24,,5.0,ukmo_uk_deterministic_2km,previous_runs_day1,51.4706,-0.4619
2025-12-26,1,2025-12-25,,6.2,ukmo_uk_deterministic_2km,previous_runs_day1,51.4706,-0.4619
2025-12-27,1,2025-12-26,,7.7,ukmo_uk_deterministic_2km,previous_runs_day1,51.4706,-0.4619
2025-12-28,1,2025-12-27,,8.1,ukmo_uk_deterministic_2km,previous_runs_day1,51.4706,-0.4619
2025-12-29,1,2025-12-28,,6.9,ukmo_uk_deterministic_2km,previous_runs_day1,51.4706,-0.4619
2025-12-30,1,2025-12-29,,6.2,ukmo_uk_deterministic_2km,previous_runs_day1,51.4706,-0.4619
2025-12-31,1,2025-12-30,,5.4,ukmo_uk_deterministic_2km,previous_runs_day1,51.4706,-0.4619
2026-01-01,1,2025-12-31,,5.8,ukmo_uk_deterministic_2km,previous_runs_day1,51.4706,-0.4619
2026-01-02,1,2026-01-01,,3.5,ukmo_uk_deterministic_2km,previous_runs_day1,51.4706,-0.4619
2026-01-03,1,2026-01-02,,2.2,ukmo_uk_deterministic_2km,previous_runs_day1,51.4706,-0.4619
2026-01-04,1,2026-01-03,,1.8,ukmo_uk_deterministic_2km,previous_runs_day1,51.4706,-0.4619
2026-01-05,1,2026-01-04,,1.6,ukmo_uk_deterministic_2km,previous_runs_day1,51.4706,-0.4619
2026-01-06,1,2026-01-05,,3.8,ukmo_uk_deterministic_2km,previous_runs_day1,51.4706,-0.4619
2026-01-07,1,2026-01-06,,4.9,ukmo_uk_deterministic_2km,previous_runs_day1,51.4706,-0.4619
2026-01-08,1,2026-01-07,,7.4,ukmo_uk_deterministic_2km,previous_runs_day1,51.4706,-0.4619
2026-01-09,1,2026-01-08,,5.5,ukmo_uk_deterministic_2km,previous_runs_day1,51.4706,-0.4619
2026-01-10,1,2026-01-09,,3.3,ukmo_uk_deterministic_2km,previous_runs_day1,51.4706,-0.4619
2026-01-11,1,2026-01-10,,9.2,ukmo_uk_deterministic_2km,previous_runs_day1,51.4706,-0.4619
2026-01-12,1,2026-01-11,,10.4,ukmo_uk_deterministic_2km,previous_runs_day1,51.4706,-0.4619
2026-01-13,1,2026-01-12,,10.4,ukmo_uk_deterministic_2km,previous_runs_day1,51.4706,-0.4619
2026-01-14,1,2026-01-13,,8.5,ukmo_uk_deterministic_2km,previous_runs_day1,51.4706,-0.4619
2026-01-15,1,2026-01-14,,9.0,ukmo_uk_deterministic_2km,previous_runs_day1,51.4706,-0.4619
2026-01-16,1,2026-01-15,,9.0,ukmo_uk_deterministic_2km,previous_runs_day1,51.4706,-0.4619
2026-01-17,1,2026-01-16,,9.3,ukmo_uk_deterministic_2km,previous_runs_day1,51.4706,-0.4619
2026-01-18,1,2026-01-17,,11.1,ukmo_uk_deterministic_2km,previous_runs_day1,51.4706,-0.4619
2026-01-19,1,2026-01-18,,10.5,ukmo_uk_deterministic_2km,previous_runs_day1,51.4706,-0.4619
2026-01-20,1,2026-01-19,,9.5,ukmo_uk_deterministic_2km,previous_runs_day1,51.4706,-0.4619
2026-01-21,1,2026-01-20,,9.4,ukmo_uk_deterministic_2km,previous_runs_day1,51.4706,-0.4619
2026-01-22,1,2026-01-21,,9.9,ukmo_uk_deterministic_2km,previous_runs_day1,51.4706,-0.4619
2026-01-23,1,2026-01-22,,9.1,ukmo_uk_deterministic_2km,previous_runs_day1,51.4706,-0.4619
2026-01-24,1,2026-01-23,,8.6,ukmo_uk_deterministic_2km,previous_runs_day1,51.4706,-0.4619
2026-01-25,1,2026-01-24,,8.6,ukmo_uk_deterministic_2km,previous_runs_day1,51.4706,-0.4619
2026-01-26,1,2026-01-25,,7.5,ukmo_uk_deterministic_2km,previous_runs_day1,51.4706,-0.4619
2026-01-27,1,2026-01-26,,10.0,ukmo_uk_deterministic_2km,previous_runs_day1,51.4706,-0.4619
2026-01-28,1,2026-01-27,,8.4,ukmo_uk_deterministic_2km,previous_runs_day1,51.4706,-0.4619
2026-01-29,1,2026-01-28,,7.0,ukmo_uk_deterministic_2km,previous_runs_day1,51.4706,-0.4619
2026-01-30,1,2026-01-29,,9.9,ukmo_uk_deterministic_2km,previous_runs_day1,51.4706,-0.4619
2026-01-31,1,2026-01-30,,10.5,ukmo_uk_deterministic_2km,previous_runs_day1,51.4706,-0.4619
2026-02-01,1,2026-01-31,,8.8,ukmo_uk_deterministic_2km,previous_runs_day1,51.4706,-0.4619
2026-02-02,1,2026-02-01,,8.6,ukmo_uk_deterministic_2km,previous_runs_day1,51.4706,-0.4619
2026-02-03,1,2026-02-02,,7.0,ukmo_uk_deterministic_2km,previous_runs_day1,51.4706,-0.4619
2026-02-04,1,2026-02-03,,10.5,ukmo_uk_deterministic_2km,previous_runs_day1,51.4706,-0.4619
2026-02-05,1,2026-02-04,,9.0,ukmo_uk_deterministic_2km,previous_runs_day1,51.4706,-0.4619
2026-02-06,1,2026-02-05,,11.4,ukmo_uk_deterministic_2km,previous_runs_day1,51.4706,-0.4619
2026-02-07,1,2026-02-06,,10.6,ukmo_uk_deterministic_2km,previous_runs_day1,51.4706,-0.4619
2026-02-08,1,2026-02-07,,11.1,ukmo_uk_deterministic_2km,previous_runs_day1,51.4706,-0.4619
2026-02-09,1,2026-02-08,,11.3,ukmo_uk_deterministic_2km,previous_runs_day1,51.4706,-0.4619
2026-02-10,1,2026-02-09,,10.9,ukmo_uk_deterministic_2km,previous_runs_day1,51.4706,-0.4619
2026-02-11,1,2026-02-10,,12.0,ukmo_uk_deterministic_2km,previous_runs_day1,51.4706,-0.4619
2026-02-12,1,2026-02-11,,10.0,ukmo_uk_deterministic_2km,previous_runs_day1,51.4706,-0.4619
2026-02-13,1,2026-02-12,,8.1,ukmo_uk_deterministic_2km,previous_runs_day1,51.4706,-0.4619
2026-02-14,1,2026-02-13,,5.7,ukmo_uk_deterministic_2km,previous_runs_day1,51.4706,-0.4619
2026-02-15,1,2026-02-14,,7.7,ukmo_uk_deterministic_2km,previous_runs_day1,51.4706,-0.4619
2026-02-16,1,2026-02-15,,8.5,ukmo_uk_deterministic_2km,previous_runs_day1,51.4706,-0.4619
2026-02-17,1,2026-02-16,,6.7,ukmo_uk_deterministic_2km,previous_runs_day1,51.4706,-0.4619
2026-02-18,1,2026-02-17,,5.3,ukmo_uk_deterministic_2km,previous_runs_day1,51.4706,-0.4619
2026-02-19,1,2026-02-18,,6.0,ukmo_uk_deterministic_2km,previous_runs_day1,51.4706,-0.4619
2026-02-20,1,2026-02-19,,11.5,ukmo_uk_deterministic_2km,previous_runs_day1,51.4706,-0.4619
2026-02-21,1,2026-02-20,,13.3,ukmo_uk_deterministic_2km,previous_runs_day1,51.4706,-0.4619
2026-02-22,1,2026-02-21,,14.1,ukmo_uk_deterministic_2km,previous_runs_day1,51.4706,-0.4619
2026-02-23,1,2026-02-22,,12.8,ukmo_uk_deterministic_2km,previous_runs_day1,51.4706,-0.4619
2026-02-24,1,2026-02-23,,13.9,ukmo_uk_deterministic_2km,previous_runs_day1,51.4706,-0.4619
2026-02-25,1,2026-02-24,,16.2,ukmo_uk_deterministic_2km,previous_runs_day1,51.4706,-0.4619
2026-02-26,1,2026-02-25,,13.3,ukmo_uk_deterministic_2km,previous_runs_day1,51.4706,-0.4619
2026-02-27,1,2026-02-26,,14.6,ukmo_uk_deterministic_2km,previous_runs_day1,51.4706,-0.4619
2026-02-28,1,2026-02-27,,10.4,ukmo_uk_deterministic_2km,previous_runs_day1,51.4706,-0.4619
2026-03-01,1,2026-02-28,,12.6,ukmo_uk_deterministic_2km,previous_runs_day1,51.4706,-0.4619
2026-03-02,1,2026-03-01,,13.8,ukmo_uk_deterministic_2km,previous_runs_day1,51.4706,-0.4619
2026-03-03,1,2026-03-02,,14.0,ukmo_uk_deterministic_2km,previous_runs_day1,51.4706,-0.4619
2026-03-04,1,2026-03-03,,16.4,ukmo_uk_deterministic_2km,previous_runs_day1,51.4706,-0.4619
2026-03-05,1,2026-03-04,,16.3,ukmo_uk_deterministic_2km,previous_runs_day1,51.4706,-0.4619
2026-03-06,1,2026-03-05,,13.6,ukmo_uk_deterministic_2km,previous_runs_day1,51.4706,-0.4619
2026-03-07,1,2026-03-06,,11.1,ukmo_uk_deterministic_2km,previous_runs_day1,51.4706,-0.4619
2026-03-08,1,2026-03-07,,12.7,ukmo_uk_deterministic_2km,previous_runs_day1,51.4706,-0.4619
2026-03-09,1,2026-03-08,,14.8,ukmo_uk_deterministic_2km,previous_runs_day1,51.4706,-0.4619
2026-03-10,1,2026-03-09,,13.4,ukmo_uk_deterministic_2km,previous_runs_day1,51.4706,-0.4619
2026-03-11,1,2026-03-10,,11.8,ukmo_uk_deterministic_2km,previous_runs_day1,51.4706,-0.4619
2026-03-12,1,2026-03-11,,11.7,ukmo_uk_deterministic_2km,previous_runs_day1,51.4706,-0.4619
2026-03-13,1,2026-03-12,,11.5,ukmo_uk_deterministic_2km,previous_runs_day1,51.4706,-0.4619
2026-03-14,1,2026-03-13,,10.7,ukmo_uk_deterministic_2km,previous_runs_day1,51.4706,-0.4619
2026-03-15,1,2026-03-14,,11.1,ukmo_uk_deterministic_2km,previous_runs_day1,51.4706,-0.4619
2026-03-16,1,2026-03-15,,11.9,ukmo_uk_deterministic_2km,previous_runs_day1,51.4706,-0.4619
2026-03-17,1,2026-03-16,,14.2,ukmo_uk_deterministic_2km,previous_runs_day1,51.4706,-0.4619
2026-03-18,1,2026-03-17,,17.5,ukmo_uk_deterministic_2km,previous_runs_day1,51.4706,-0.4619
2026-03-19,1,2026-03-18,,16.6,ukmo_uk_deterministic_2km,previous_runs_day1,51.4706,-0.4619
2026-03-20,1,2026-03-19,,15.2,ukmo_uk_deterministic_2km,previous_runs_day1,51.4706,-0.4619
2026-03-21,1,2026-03-20,,12.9,ukmo_uk_deterministic_2km,previous_runs_day1,51.4706,-0.4619
2026-03-22,1,2026-03-21,,12.8,ukmo_uk_deterministic_2km,previous_runs_day1,51.4706,-0.4619
2026-03-23,1,2026-03-22,,14.9,ukmo_uk_deterministic_2km,previous_runs_day1,51.4706,-0.4619
2026-03-24,1,2026-03-23,,13.5,ukmo_uk_deterministic_2km,previous_runs_day1,51.4706,-0.4619
2026-03-25,1,2026-03-24,,9.1,ukmo_uk_deterministic_2km,previous_runs_day1,51.4706,-0.4619
2026-03-26,1,2026-03-25,,9.5,ukmo_uk_deterministic_2km,previous_runs_day1,51.4706,-0.4619
2026-03-27,1,2026-03-26,,12.0,ukmo_uk_deterministic_2km,previous_runs_day1,51.4706,-0.4619
2026-03-28,1,2026-03-27,,9.9,ukmo_uk_deterministic_2km,previous_runs_day1,51.4706,-0.4619
2026-03-29,1,2026-03-28,,10.6,ukmo_uk_deterministic_2km,previous_runs_day1,51.4706,-0.4619
2026-03-30,1,2026-03-29,,12.4,ukmo_uk_deterministic_2km,previous_runs_day1,51.4706,-0.4619
2026-03-31,1,2026-03-30,,15.5,ukmo_uk_deterministic_2km,previous_runs_day1,51.4706,-0.4619
2026-04-01,1,2026-03-31,,14.3,ukmo_uk_deterministic_2km,previous_runs_day1,51.4706,-0.4619
2026-04-03,1,2026-04-02,2026-04-02T00:00,14.8,ukmo_uk_deterministic_2km,single_runs_london_00,51.4706,-0.4619
2026-04-04,1,2026-04-03,2026-04-03T00:00,15.5,ukmo_uk_deterministic_2km,single_runs_london_00,51.4706,-0.4619
2026-04-04,2,2026-04-02,2026-04-02T00:00,11.3,ukmo_uk_deterministic_2km,single_runs_london_00,51.4706,-0.4619
2026-04-05,1,2026-04-04,2026-04-04T00:00,12.6,ukmo_uk_deterministic_2km,single_runs_london_00,51.4706,-0.4619
2026-04-05,2,2026-04-03,2026-04-03T00:00,11.9,ukmo_uk_deterministic_2km,single_runs_london_00,51.4706,-0.4619
2026-04-06,1,2026-04-05,2026-04-05T00:00,13.8,ukmo_uk_deterministic_2km,single_runs_london_00,51.4706,-0.4619
2026-04-06,2,2026-04-04,2026-04-04T00:00,5.9,ukmo_uk_deterministic_2km,single_runs_london_00,51.4706,-0.4619
2026-04-07,1,2026-04-06,2026-04-06T00:00,21.0,ukmo_uk_deterministic_2km,single_runs_london_00,51.4706,-0.4619
2026-04-07,2,2026-04-05,2026-04-05T00:00,8.6,ukmo_uk_deterministic_2km,single_runs_london_00,51.4706,-0.4619
2026-04-08,1,2026-04-07,2026-04-07T00:00,24.1,ukmo_uk_deterministic_2km,single_runs_london_00,51.4706,-0.4619
2026-04-08,2,2026-04-06,2026-04-06T00:00,13.2,ukmo_uk_deterministic_2km,single_runs_london_00,51.4706,-0.4619
2026-04-09,1,2026-04-08,2026-04-08T00:00,18.0,ukmo_uk_deterministic_2km,single_runs_london_00,51.4706,-0.4619
2026-04-09,2,2026-04-07,2026-04-07T00:00,14.0,ukmo_uk_deterministic_2km,single_runs_london_00,51.4706,-0.4619
2026-04-10,1,2026-04-09,2026-04-09T00:00,12.6,ukmo_uk_deterministic_2km,single_runs_london_00,51.4706,-0.4619
2026-04-10,2,2026-04-08,2026-04-08T00:00,6.8,ukmo_uk_deterministic_2km,single_runs_london_00,51.4706,-0.4619
2026-04-11,1,2026-04-10,2026-04-10T00:00,12.6,ukmo_uk_deterministic_2km,single_runs_london_00,51.4706,-0.4619
2026-04-11,2,2026-04-09,2026-04-09T00:00,10.6,ukmo_uk_deterministic_2km,single_runs_london_00,51.4706,-0.4619
2026-04-12,1,2026-04-11,2026-04-11T00:00,13.1,ukmo_uk_deterministic_2km,single_runs_london_00,51.4706,-0.4619
2026-04-12,2,2026-04-10,2026-04-10T00:00,8.1,ukmo_uk_deterministic_2km,single_runs_london_00,51.4706,-0.4619
2026-04-13,1,2026-04-12,2026-04-12T00:00,13.0,ukmo_uk_deterministic_2km,single_runs_london_00,51.4706,-0.4619
2026-04-13,2,2026-04-11,2026-04-11T00:00,7.1,ukmo_uk_deterministic_2km,single_runs_london_00,51.4706,-0.4619
2026-04-14,1,2026-04-13,2026-04-13T00:00,14.7,ukmo_uk_deterministic_2km,single_runs_london_00,51.4706,-0.4619
2026-04-14,2,2026-04-12,2026-04-12T00:00,7.3,ukmo_uk_deterministic_2km,single_runs_london_00,51.4706,-0.4619
2026-04-15,1,2026-04-14,2026-04-14T00:00,16.3,ukmo_uk_deterministic_2km,single_runs_london_00,51.4706,-0.4619
2026-04-15,2,2026-04-13,2026-04-13T00:00,11.7,ukmo_uk_deterministic_2km,single_runs_london_00,51.4706,-0.4619
2026-04-16,1,2026-04-15,2026-04-15T00:00,15.5,ukmo_uk_deterministic_2km,single_runs_london_00,51.4706,-0.4619
2026-04-16,2,2026-04-14,2026-04-14T00:00,9.8,ukmo_uk_deterministic_2km,single_runs_london_00,51.4706,-0.4619
2026-04-17,1,2026-04-16,2026-04-16T00:00,16.8,ukmo_uk_deterministic_2km,single_runs_london_00,51.4706,-0.4619
2026-04-17,2,2026-04-15,2026-04-15T00:00,10.6,ukmo_uk_deterministic_2km,single_runs_london_00,51.4706,-0.4619
2026-04-18,1,2026-04-17,2026-04-17T00:00,15.9,ukmo_uk_deterministic_2km,single_runs_london_00,51.4706,-0.4619
2026-04-18,2,2026-04-16,2026-04-16T00:00,12.3,ukmo_uk_deterministic_2km,single_runs_london_00,51.4706,-0.4619
2026-04-19,1,2026-04-18,2026-04-18T00:00,14.6,ukmo_uk_deterministic_2km,single_runs_london_00,51.4706,-0.4619
2026-04-19,2,2026-04-17,2026-04-17T00:00,10.4,ukmo_uk_deterministic_2km,single_runs_london_00,51.4706,-0.4619
2026-04-20,1,2026-04-19,2026-04-19T00:00,12.9,ukmo_uk_deterministic_2km,single_runs_london_00,51.4706,-0.4619
2026-04-20,2,2026-04-18,2026-04-18T00:00,9.5,ukmo_uk_deterministic_2km,single_runs_london_00,51.4706,-0.4619
2026-04-21,1,2026-04-20,2026-04-20T00:00,14.9,ukmo_uk_deterministic_2km,single_runs_london_00,51.4706,-0.4619
2026-04-21,2,2026-04-19,2026-04-19T00:00,7.7,ukmo_uk_deterministic_2km,single_runs_london_00,51.4706,-0.4619
2026-04-22,1,2026-04-21,2026-04-21T00:00,17.0,ukmo_uk_deterministic_2km,single_runs_london_00,51.4706,-0.4619
2026-04-22,2,2026-04-20,2026-04-20T00:00,7.6,ukmo_uk_deterministic_2km,single_runs_london_00,51.4706,-0.4619
2026-04-23,1,2026-04-22,2026-04-22T00:00,18.6,ukmo_uk_deterministic_2km,single_runs_london_00,51.4706,-0.4619
2026-04-23,2,2026-04-21,2026-04-21T00:00,9.1,ukmo_uk_deterministic_2km,single_runs_london_00,51.4706,-0.4619
2026-04-24,1,2026-04-23,2026-04-23T00:00,19.1,ukmo_uk_deterministic_2km,single_runs_london_00,51.4706,-0.4619
2026-04-24,2,2026-04-22,2026-04-22T00:00,8.4,ukmo_uk_deterministic_2km,single_runs_london_00,51.4706,-0.4619
2026-04-25,1,2026-04-24,2026-04-24T00:00,19.8,ukmo_uk_deterministic_2km,single_runs_london_00,51.4706,-0.4619
2026-04-25,2,2026-04-23,2026-04-23T00:00,5.7,ukmo_uk_deterministic_2km,single_runs_london_00,51.4706,-0.4619
2026-04-26,1,2026-04-25,2026-04-25T00:00,19.6,ukmo_uk_deterministic_2km,single_runs_london_00,51.4706,-0.4619
2026-04-26,2,2026-04-24,2026-04-24T00:00,10.8,ukmo_uk_deterministic_2km,single_runs_london_00,51.4706,-0.4619
2026-04-27,1,2026-04-26,2026-04-26T00:00,21.4,ukmo_uk_deterministic_2km,single_runs_london_00,51.4706,-0.4619
2026-04-27,2,2026-04-25,2026-04-25T00:00,10.5,ukmo_uk_deterministic_2km,single_runs_london_00,51.4706,-0.4619
2026-04-28,1,2026-04-27,2026-04-27T00:00,16.9,ukmo_uk_deterministic_2km,single_runs_london_00,51.4706,-0.4619
2026-04-28,2,2026-04-26,2026-04-26T00:00,11.9,ukmo_uk_deterministic_2km,single_runs_london_00,51.4706,-0.4619
2026-04-29,1,2026-04-28,2026-04-28T00:00,18.1,ukmo_uk_deterministic_2km,single_runs_london_00,51.4706,-0.4619
2026-04-29,2,2026-04-27,2026-04-27T00:00,8.7,ukmo_uk_deterministic_2km,single_runs_london_00,51.4706,-0.4619
2026-04-30,1,2026-04-29,2026-04-29T00:00,21.1,ukmo_uk_deterministic_2km,single_runs_london_00,51.4706,-0.4619
2026-04-30,2,2026-04-28,2026-04-28T00:00,11.5,ukmo_uk_deterministic_2km,single_runs_london_00,51.4706,-0.4619
2026-05-01,1,2026-04-30,2026-04-30T00:00,23.7,ukmo_uk_deterministic_2km,single_runs_london_00,51.4706,-0.4619
2026-05-01,2,2026-04-29,2026-04-29T00:00,12.8,ukmo_uk_deterministic_2km,single_runs_london_00,51.4706,-0.4619
2026-05-02,1,2026-05-01,2026-05-01T00:00,20.8,ukmo_uk_deterministic_2km,single_runs_london_00,51.4706,-0.4619
2026-05-02,2,2026-04-30,2026-04-30T00:00,12.8,ukmo_uk_deterministic_2km,single_runs_london_00,51.4706,-0.4619
2026-05-03,1,2026-05-02,2026-05-02T00:00,18.4,ukmo_uk_deterministic_2km,single_runs_london_00,51.4706,-0.4619
2026-05-03,2,2026-05-01,2026-05-01T00:00,13.9,ukmo_uk_deterministic_2km,single_runs_london_00,51.4706,-0.4619
2026-05-04,1,2026-05-03,2026-05-03T00:00,18.1,ukmo_uk_deterministic_2km,single_runs_london_00,51.4706,-0.4619
2026-05-04,2,2026-05-02,2026-05-02T00:00,11.5,ukmo_uk_deterministic_2km,single_runs_london_00,51.4706,-0.4619
2026-05-05,1,2026-05-04,2026-05-04T00:00,16.5,ukmo_uk_deterministic_2km,single_runs_london_00,51.4706,-0.4619
2026-05-05,2,2026-05-03,2026-05-03T00:00,12.2,ukmo_uk_deterministic_2km,single_runs_london_00,51.4706,-0.4619
2026-05-06,1,2026-05-05,2026-05-05T00:00,13.4,ukmo_uk_deterministic_2km,single_runs_london_00,51.4706,-0.4619
2026-05-06,2,2026-05-04,2026-05-04T00:00,8.2,ukmo_uk_deterministic_2km,single_runs_london_00,51.4706,-0.4619
2026-05-07,1,2026-05-06,2026-05-06T00:00,13.2,ukmo_uk_deterministic_2km,single_runs_london_00,51.4706,-0.4619
2026-05-07,2,2026-05-05,2026-05-05T00:00,8.0,ukmo_uk_deterministic_2km,single_runs_london_00,51.4706,-0.4619
2026-05-08,1,2026-05-07,2026-05-07T00:00,18.9,ukmo_uk_deterministic_2km,single_runs_london_00,51.4706,-0.4619
2026-05-08,2,2026-05-06,2026-05-06T00:00,10.4,ukmo_uk_deterministic_2km,single_runs_london_00,51.4706,-0.4619
2026-05-09,1,2026-05-08,2026-05-08T00:00,20.4,ukmo_uk_deterministic_2km,single_runs_london_00,51.4706,-0.4619
2026-05-09,2,2026-05-07,2026-05-07T00:00,12.9,ukmo_uk_deterministic_2km,single_runs_london_00,51.4706,-0.4619
2026-05-10,1,2026-05-09,2026-05-09T00:00,14.7,ukmo_uk_deterministic_2km,single_runs_london_00,51.4706,-0.4619
2026-05-10,2,2026-05-08,2026-05-08T00:00,13.8,ukmo_uk_deterministic_2km,single_runs_london_00,51.4706,-0.4619
2026-05-11,1,2026-05-10,2026-05-10T00:00,13.9,ukmo_uk_deterministic_2km,single_runs_london_00,51.4706,-0.4619
2026-05-11,2,2026-05-09,2026-05-09T00:00,7.1,ukmo_uk_deterministic_2km,single_runs_london_00,51.4706,-0.4619
2026-05-12,1,2026-05-11,2026-05-11T00:00,15.9,ukmo_uk_deterministic_2km,single_runs_london_00,51.4706,-0.4619
2026-05-12,2,2026-05-10,2026-05-10T00:00,6.1,ukmo_uk_deterministic_2km,single_runs_london_00,51.4706,-0.4619
2026-05-13,1,2026-05-12,2026-05-12T00:00,14.1,ukmo_uk_deterministic_2km,single_runs_london_00,51.4706,-0.4619
2026-05-13,2,2026-05-11,2026-05-11T00:00,9.5,ukmo_uk_deterministic_2km,single_runs_london_00,51.4706,-0.4619
2026-05-14,1,2026-05-13,2026-05-13T00:00,12.4,ukmo_uk_deterministic_2km,single_runs_london_00,51.4706,-0.4619
2026-05-14,2,2026-05-12,2026-05-12T00:00,7.8,ukmo_uk_deterministic_2km,single_runs_london_00,51.4706,-0.4619
2026-05-15,1,2026-05-14,2026-05-14T00:00,12.5,ukmo_uk_deterministic_2km,single_runs_london_00,51.4706,-0.4619
2026-05-15,2,2026-05-13,2026-05-13T00:00,8.3,ukmo_uk_deterministic_2km,single_runs_london_00,51.4706,-0.4619
2026-05-16,1,2026-05-15,2026-05-15T00:00,14.5,ukmo_uk_deterministic_2km,single_runs_london_00,51.4706,-0.4619
2026-05-16,2,2026-05-14,2026-05-14T00:00,8.8,ukmo_uk_deterministic_2km,single_runs_london_00,51.4706,-0.4619
2026-05-17,1,2026-05-16,2026-05-16T00:00,15.2,ukmo_uk_deterministic_2km,single_runs_london_00,51.4706,-0.4619
2026-05-17,2,2026-05-15,2026-05-15T00:00,10.6,ukmo_uk_deterministic_2km,single_runs_london_00,51.4706,-0.4619
2026-05-18,1,2026-05-17,2026-05-17T00:00,14.0,ukmo_uk_deterministic_2km,single_runs_london_00,51.4706,-0.4619
2026-05-18,2,2026-05-16,2026-05-16T00:00,10.0,ukmo_uk_deterministic_2km,single_runs_london_00,51.4706,-0.4619
2026-05-19,1,2026-05-18,2026-05-18T00:00,17.0,ukmo_uk_deterministic_2km,single_runs_london_00,51.4706,-0.4619
2026-05-19,2,2026-05-17,2026-05-17T00:00,11.8,ukmo_uk_deterministic_2km,single_runs_london_00,51.4706,-0.4619
2026-05-20,1,2026-05-19,2026-05-19T00:00,19.9,ukmo_uk_deterministic_2km,single_runs_london_00,51.4706,-0.4619
2026-05-20,2,2026-05-18,2026-05-18T00:00,13.2,ukmo_uk_deterministic_2km,single_runs_london_00,51.4706,-0.4619
2026-05-21,1,2026-05-20,2026-05-20T00:00,21.7,ukmo_uk_deterministic_2km,single_runs_london_00,51.4706,-0.4619
2026-05-21,2,2026-05-19,2026-05-19T00:00,13.8,ukmo_uk_deterministic_2km,single_runs_london_00,51.4706,-0.4619
2026-05-22,1,2026-05-21,2026-05-21T00:00,25.9,ukmo_uk_deterministic_2km,single_runs_london_00,51.4706,-0.4619
2026-05-22,2,2026-05-20,2026-05-20T00:00,15.7,ukmo_uk_deterministic_2km,single_runs_london_00,51.4706,-0.4619
2026-05-23,1,2026-05-22,2026-05-22T00:00,26.8,ukmo_uk_deterministic_2km,single_runs_london_00,51.4706,-0.4619
2026-05-23,2,2026-05-21,2026-05-21T00:00,19.3,ukmo_uk_deterministic_2km,single_runs_london_00,51.4706,-0.4619
2026-05-24,1,2026-05-23,2026-05-23T00:00,29.4,ukmo_uk_deterministic_2km,single_runs_london_00,51.4706,-0.4619
2026-05-24,2,2026-05-22,2026-05-22T00:00,19.7,ukmo_uk_deterministic_2km,single_runs_london_00,51.4706,-0.4619
2026-05-25,1,2026-05-24,2026-05-24T00:00,33.4,ukmo_uk_deterministic_2km,single_runs_london_00,51.4706,-0.4619
2026-05-25,2,2026-05-23,2026-05-23T00:00,21.5,ukmo_uk_deterministic_2km,single_runs_london_00,51.4706,-0.4619
2026-05-26,1,2026-05-25,2026-05-25T00:00,35.0,ukmo_uk_deterministic_2km,single_runs_london_00,51.4706,-0.4619
2026-05-26,2,2026-05-24,2026-05-24T00:00,23.7,ukmo_uk_deterministic_2km,single_runs_london_00,51.4706,-0.4619
2026-05-27,1,2026-05-26,2026-05-26T00:00,23.7,ukmo_uk_deterministic_2km,single_runs_london_00,51.4706,-0.4619
2026-05-27,2,2026-05-25,2026-05-25T00:00,22.5,ukmo_uk_deterministic_2km,single_runs_london_00,51.4706,-0.4619
2026-05-28,1,2026-05-27,2026-05-27T00:00,30.3,ukmo_uk_deterministic_2km,single_runs_london_00,51.4706,-0.4619
2026-05-28,2,2026-05-26,2026-05-26T00:00,17.2,ukmo_uk_deterministic_2km,single_runs_london_00,51.4706,-0.4619
2026-05-29,1,2026-05-28,2026-05-28T00:00,24.8,ukmo_uk_deterministic_2km,single_runs_london_00,51.4706,-0.4619
2026-05-29,2,2026-05-27,2026-05-27T00:00,19.9,ukmo_uk_deterministic_2km,single_runs_london_00,51.4706,-0.4619
2026-05-30,1,2026-05-29,2026-05-29T00:00,28.1,ukmo_uk_deterministic_2km,single_runs_london_00,51.4706,-0.4619
2026-05-30,2,2026-05-28,2026-05-28T00:00,18.0,ukmo_uk_deterministic_2km,single_runs_london_00,51.4706,-0.4619
2026-05-31,1,2026-05-30,2026-05-30T00:00,22.4,ukmo_uk_deterministic_2km,single_runs_london_00,51.4706,-0.4619
2026-05-31,2,2026-05-29,2026-05-29T00:00,19.0,ukmo_uk_deterministic_2km,single_runs_london_00,51.4706,-0.4619
2026-06-01,1,2026-05-31,2026-05-31T00:00,22.2,ukmo_uk_deterministic_2km,single_runs_london_00,51.4706,-0.4619
2026-06-01,2,2026-05-30,2026-05-30T00:00,15.8,ukmo_uk_deterministic_2km,single_runs_london_00,51.4706,-0.4619
2026-06-02,1,2026-06-01,2026-06-01T00:00,19.2,ukmo_uk_deterministic_2km,single_runs_london_00,51.4706,-0.4619
2026-06-02,2,2026-05-31,2026-05-31T00:00,15.0,ukmo_uk_deterministic_2km,single_runs_london_00,51.4706,-0.4619
2026-06-03,1,2026-06-02,2026-06-02T00:00,17.7,ukmo_uk_deterministic_2km,single_runs_london_00,51.4706,-0.4619
2026-06-03,2,2026-06-01,2026-06-01T00:00,14.6,ukmo_uk_deterministic_2km,single_runs_london_00,51.4706,-0.4619
2026-06-04,1,2026-06-03,2026-06-03T00:00,18.3,ukmo_uk_deterministic_2km,single_runs_london_00,51.4706,-0.4619
2026-06-04,2,2026-06-02,2026-06-02T00:00,14.0,ukmo_uk_deterministic_2km,single_runs_london_00,51.4706,-0.4619
2026-06-05,1,2026-06-04,2026-06-04T00:00,16.7,ukmo_uk_deterministic_2km,single_runs_london_00,51.4706,-0.4619
2026-06-05,2,2026-06-03,2026-06-03T00:00,13.2,ukmo_uk_deterministic_2km,single_runs_london_00,51.4706,-0.4619
2026-06-06,1,2026-06-05,2026-06-05T00:00,15.4,ukmo_uk_deterministic_2km,single_runs_london_00,51.4706,-0.4619
2026-06-06,2,2026-06-04,2026-06-04T00:00,12.7,ukmo_uk_deterministic_2km,single_runs_london_00,51.4706,-0.4619
2026-06-07,1,2026-06-06,2026-06-06T00:00,20.1,ukmo_uk_deterministic_2km,single_runs_london_00,51.4706,-0.4619
2026-06-07,2,2026-06-05,2026-06-05T00:00,12.9,ukmo_uk_deterministic_2km,single_runs_london_00,51.4706,-0.4619
2026-06-08,1,2026-06-07,2026-06-07T00:00,18.0,ukmo_uk_deterministic_2km,single_runs_london_00,51.4706,-0.4619
2026-06-08,2,2026-06-06,2026-06-06T00:00,14.6,ukmo_uk_deterministic_2km,single_runs_london_00,51.4706,-0.4619
2026-06-09,1,2026-06-08,2026-06-08T00:00,17.3,ukmo_uk_deterministic_2km,single_runs_london_00,51.4706,-0.4619
2026-06-09,2,2026-06-07,2026-06-07T00:00,11.2,ukmo_uk_deterministic_2km,single_runs_london_00,51.4706,-0.4619
2026-06-10,1,2026-06-09,2026-06-09T00:00,15.3,ukmo_uk_deterministic_2km,single_runs_london_00,51.4706,-0.4619
2026-06-10,2,2026-06-08,2026-06-08T00:00,11.2,ukmo_uk_deterministic_2km,single_runs_london_00,51.4706,-0.4619
2026-06-11,1,2026-06-10,2026-06-10T00:00,17.5,ukmo_uk_deterministic_2km,single_runs_london_00,51.4706,-0.4619
2026-06-11,2,2026-06-09,2026-06-09T00:00,11.5,ukmo_uk_deterministic_2km,single_runs_london_00,51.4706,-0.4619
2026-06-12,2,2026-06-10,2026-06-10T00:00,15.6,ukmo_uk_deterministic_2km,single_runs_london_00,51.4706,-0.4619
2026-06-13,1,2026-06-12,2026-06-12T00:00,21.4,ukmo_uk_deterministic_2km,single_runs_london_00,51.4706,-0.4619
2026-06-14,1,2026-06-13,2026-06-13T00:00,20.6,ukmo_uk_deterministic_2km,single_runs_london_00,51.4706,-0.4619
2026-06-14,2,2026-06-12,2026-06-12T00:00,14.8,ukmo_uk_deterministic_2km,single_runs_london_00,51.4706,-0.4619
2026-06-15,1,2026-06-14,2026-06-14T00:00,22.9,ukmo_uk_deterministic_2km,single_runs_london_00,51.4706,-0.4619
2026-06-15,2,2026-06-13,2026-06-13T00:00,16.6,ukmo_uk_deterministic_2km,single_runs_london_00,51.4706,-0.4619
2026-06-16,1,2026-06-15,2026-06-15T00:00,25.8,ukmo_uk_deterministic_2km,single_runs_london_00,51.4706,-0.4619
2026-06-16,2,2026-06-14,2026-06-14T00:00,18.2,ukmo_uk_deterministic_2km,single_runs_london_00,51.4706,-0.4619
2026-06-17,1,2026-06-16,2026-06-16T00:00,22.9,ukmo_uk_deterministic_2km,single_runs_london_00,51.4706,-0.4619
2026-06-17,2,2026-06-15,2026-06-15T00:00,17.8,ukmo_uk_deterministic_2km,single_runs_london_00,51.4706,-0.4619
2026-06-18,1,2026-06-17,2026-06-17T00:00,25.8,ukmo_uk_deterministic_2km,single_runs_london_00,51.4706,-0.4619
2026-06-18,2,2026-06-16,2026-06-16T00:00,18.3,ukmo_uk_deterministic_2km,single_runs_london_00,51.4706,-0.4619
2026-06-19,1,2026-06-18,2026-06-18T00:00,30.0,ukmo_uk_deterministic_2km,single_runs_london_00,51.4706,-0.4619
2026-06-19,2,2026-06-17,2026-06-17T00:00,20.1,ukmo_uk_deterministic_2km,single_runs_london_00,51.4706,-0.4619
2026-06-20,1,2026-06-19,2026-06-19T00:00,26.4,ukmo_uk_deterministic_2km,single_runs_london_00,51.4706,-0.4619
2026-06-20,2,2026-06-18,2026-06-18T00:00,19.6,ukmo_uk_deterministic_2km,single_runs_london_00,51.4706,-0.4619
2026-06-21,1,2026-06-20,2026-06-20T00:00,30.6,ukmo_uk_deterministic_2km,single_runs_london_00,51.4706,-0.4619
2026-06-21,2,2026-06-19,2026-06-19T00:00,20.5,ukmo_uk_deterministic_2km,single_runs_london_00,51.4706,-0.4619
2026-06-22,1,2026-06-21,2026-06-21T00:00,31.4,ukmo_uk_deterministic_2km,single_runs_london_00,51.4706,-0.4619
2026-06-22,2,2026-06-20,2026-06-20T00:00,23.0,ukmo_uk_deterministic_2km,single_runs_london_00,51.4706,-0.4619
2026-06-23,1,2026-06-22,2026-06-22T00:00,35.9,ukmo_uk_deterministic_2km,single_runs_london_00,51.4706,-0.4619
2026-06-23,2,2026-06-21,2026-06-21T00:00,24.0,ukmo_uk_deterministic_2km,single_runs_london_00,51.4706,-0.4619
2026-06-24,1,2026-06-23,2026-06-23T00:00,34.8,ukmo_uk_deterministic_2km,single_runs_london_00,51.4706,-0.4619
2026-06-24,2,2026-06-22,2026-06-22T00:00,26.7,ukmo_uk_deterministic_2km,single_runs_london_00,51.4706,-0.4619
2026-06-25,1,2026-06-24,2026-06-24T00:00,32.9,ukmo_uk_deterministic_2km,single_runs_london_00,51.4706,-0.4619
2026-06-25,2,2026-06-23,2026-06-23T00:00,26.0,ukmo_uk_deterministic_2km,single_runs_london_00,51.4706,-0.4619
2026-06-26,1,2026-06-25,2026-06-25T00:00,34.6,ukmo_uk_deterministic_2km,single_runs_london_00,51.4706,-0.4619
2026-06-26,2,2026-06-24,2026-06-24T00:00,26.5,ukmo_uk_deterministic_2km,single_runs_london_00,51.4706,-0.4619
2026-06-27,1,2026-06-26,2026-06-26T00:00,31.1,ukmo_uk_deterministic_2km,single_runs_london_00,51.4706,-0.4619
2026-06-27,2,2026-06-25,2026-06-25T00:00,22.9,ukmo_uk_deterministic_2km,single_runs_london_00,51.4706,-0.4619
2026-06-28,1,2026-06-27,2026-06-27T00:00,24.4,ukmo_uk_deterministic_2km,single_runs_london_00,51.4706,-0.4619
2026-06-28,2,2026-06-26,2026-06-26T00:00,22.9,ukmo_uk_deterministic_2km,single_runs_london_00,51.4706,-0.4619
2026-06-29,1,2026-06-28,2026-06-28T00:00,23.4,ukmo_uk_deterministic_2km,single_runs_london_00,51.4706,-0.4619
2026-06-29,2,2026-06-27,2026-06-27T00:00,16.1,ukmo_uk_deterministic_2km,single_runs_london_00,51.4706,-0.4619
2026-06-30,1,2026-06-29,2026-06-29T00:00,23.9,ukmo_uk_deterministic_2km,single_runs_london_00,51.4706,-0.4619
2026-06-30,2,2026-06-28,2026-06-28T00:00,18.2,ukmo_uk_deterministic_2km,single_runs_london_00,51.4706,-0.4619
2026-07-01,1,2026-06-30,2026-06-30T00:00,24.0,ukmo_uk_deterministic_2km,single_runs_london_00,51.4706,-0.4619
2026-07-01,2,2026-06-29,2026-06-29T00:00,17.7,ukmo_uk_deterministic_2km,single_runs_london_00,51.4706,-0.4619
2026-07-02,1,2026-07-01,2026-07-01T00:00,24.6,ukmo_uk_deterministic_2km,single_runs_london_00,51.4706,-0.4619
2026-07-02,2,2026-06-30,2026-06-30T00:00,17.6,ukmo_uk_deterministic_2km,single_runs_london_00,51.4706,-0.4619
2026-07-03,1,2026-07-02,2026-07-02T00:00,25.6,ukmo_uk_deterministic_2km,single_runs_london_00,51.4706,-0.4619
2026-07-03,2,2026-07-01,2026-07-01T00:00,16.8,ukmo_uk_deterministic_2km,single_runs_london_00,51.4706,-0.4619
2026-07-04,1,2026-07-03,2026-07-03T00:00,25.8,ukmo_uk_deterministic_2km,single_runs_london_00,51.4706,-0.4619
2026-07-04,2,2026-07-02,2026-07-02T00:00,18.4,ukmo_uk_deterministic_2km,single_runs_london_00,51.4706,-0.4619
2026-07-05,1,2026-07-04,2026-07-04T00:00,28.0,ukmo_uk_deterministic_2km,single_runs_london_00,51.4706,-0.4619
2026-07-05,2,2026-07-03,2026-07-03T00:00,19.7,ukmo_uk_deterministic_2km,single_runs_london_00,51.4706,-0.4619
2026-07-06,1,2026-07-05,2026-07-05T00:00,32.0,ukmo_uk_deterministic_2km,single_runs_london_00,51.4706,-0.4619
2026-07-06,2,2026-07-04,2026-07-04T00:00,20.0,ukmo_uk_deterministic_2km,single_runs_london_00,51.4706,-0.4619
2026-07-07,1,2026-07-06,2026-07-06T00:00,29.8,ukmo_uk_deterministic_2km,single_runs_london_00,51.4706,-0.4619
2026-07-07,2,2026-07-05,2026-07-05T00:00,20.7,ukmo_uk_deterministic_2km,single_runs_london_00,51.4706,-0.4619
2026-07-08,2,2026-07-06,2026-07-06T00:00,22.8,ukmo_uk_deterministic_2km,single_runs_london_00,51.4706,-0.4619
2026-07-09,1,2026-07-08,2026-07-08T00:00,34.2,ukmo_uk_deterministic_2km,single_runs_london_00,51.4706,-0.4619
2026-07-10,1,2026-07-09,2026-07-09T00:00,32.2,ukmo_uk_deterministic_2km,single_runs_london_00,51.4706,-0.4619
2026-07-10,2,2026-07-08,2026-07-08T00:00,24.9,ukmo_uk_deterministic_2km,single_runs_london_00,51.4706,-0.4619
2026-07-11,1,2026-07-10,2026-07-10T00:00,30.0,ukmo_uk_deterministic_2km,single_runs_london_00,51.4706,-0.4619
2026-07-11,2,2026-07-09,2026-07-09T00:00,21.9,ukmo_uk_deterministic_2km,single_runs_london_00,51.4706,-0.4619
2026-07-12,1,2026-07-11,2026-07-11T00:00,29.6,ukmo_uk_deterministic_2km,single_runs_london_00,51.4706,-0.4619
2026-07-12,2,2026-07-10,2026-07-10T00:00,19.0,ukmo_uk_deterministic_2km,single_runs_london_00,51.4706,-0.4619
2026-07-13,1,2026-07-12,2026-07-12T00:00,28.3,ukmo_uk_deterministic_2km,single_runs_london_00,51.4706,-0.4619
2026-07-13,2,2026-07-11,2026-07-11T00:00,19.4,ukmo_uk_deterministic_2km,single_runs_london_00,51.4706,-0.4619
2026-07-14,1,2026-07-13,2026-07-13T00:00,30.9,ukmo_uk_deterministic_2km,single_runs_london_00,51.4706,-0.4619
2026-07-14,2,2026-07-12,2026-07-12T00:00,19.1,ukmo_uk_deterministic_2km,single_runs_london_00,51.4706,-0.4619
2026-07-15,1,2026-07-14,2026-07-14T00:00,28.8,ukmo_uk_deterministic_2km,single_runs_london_00,51.4706,-0.4619
2026-07-15,2,2026-07-13,2026-07-13T00:00,23.4,ukmo_uk_deterministic_2km,single_runs_london_00,51.4706,-0.4619
2026-07-16,1,2026-07-15,2026-07-15T00:00,29.1,ukmo_uk_deterministic_2km,single_runs_london_00,51.4706,-0.4619
2026-07-16,2,2026-07-14,2026-07-14T00:00,21.3,ukmo_uk_deterministic_2km,single_runs_london_00,51.4706,-0.4619
2026-07-17,1,2026-07-16,2026-07-16T00:00,27.2,ukmo_uk_deterministic_2km,single_runs_london_00,51.4706,-0.4619
2026-07-17,2,2026-07-15,2026-07-15T00:00,21.2,ukmo_uk_deterministic_2km,single_runs_london_00,51.4706,-0.4619
2026-07-18,1,2026-07-17,2026-07-17T00:00,24.4,ukmo_uk_deterministic_2km,single_runs_london_00,51.4706,-0.4619
2026-07-18,2,2026-07-16,2026-07-16T00:00,21.4,ukmo_uk_deterministic_2km,single_runs_london_00,51.4706,-0.4619
2026-07-19,1,2026-07-18,2026-07-18T00:00,23.4,ukmo_uk_deterministic_2km,single_runs_london_00,51.4706,-0.4619
2026-07-19,2,2026-07-17,2026-07-17T00:00,17.3,ukmo_uk_deterministic_2km,single_runs_london_00,51.4706,-0.4619
2026-07-20,1,2026-07-19,2026-07-19T00:00,22.9,ukmo_uk_deterministic_2km,single_runs_london_00,51.4706,-0.4619
2026-07-20,2,2026-07-18,2026-07-18T00:00,17.4,ukmo_uk_deterministic_2km,single_runs_london_00,51.4706,-0.4619
2026-07-21,1,2026-07-20,2026-07-20T00:00,25.6,ukmo_uk_deterministic_2km,single_runs_london_00,51.4706,-0.4619
2026-07-21,2,2026-07-19,2026-07-19T00:00,18.6,ukmo_uk_deterministic_2km,single_runs_london_00,51.4706,-0.4619
2026-07-22,1,2026-07-21,2026-07-21T00:00,28.5,ukmo_uk_deterministic_2km,single_runs_london_00,51.4706,-0.4619
2026-07-22,2,2026-07-20,2026-07-20T00:00,20.3,ukmo_uk_deterministic_2km,single_runs_london_00,51.4706,-0.4619
2026-07-23,1,2026-07-22,2026-07-22T00:00,26.0,ukmo_uk_deterministic_2km,single_runs_london_00,51.4706,-0.4619
2026-07-23,2,2026-07-21,2026-07-21T00:00,18.6,ukmo_uk_deterministic_2km,single_runs_london_00,51.4706,-0.4619
2026-07-24,1,2026-07-23,2026-07-23T00:00,27.5,ukmo_uk_deterministic_2km,single_runs_london_00,51.4706,-0.4619
2026-07-24,2,2026-07-22,2026-07-22T00:00,19.0,ukmo_uk_deterministic_2km,single_runs_london_00,51.4706,-0.4619
2026-07-25,1,2026-07-24,2026-07-24T00:00,28.7,ukmo_uk_deterministic_2km,single_runs_london_00,51.4706,-0.4619
2026-07-25,2,2026-07-23,2026-07-23T00:00,21.7,ukmo_uk_deterministic_2km,single_runs_london_00,51.4706,-0.4619
2026-07-26,1,2026-07-25,2026-07-25T00:00,25.3,ukmo_uk_deterministic_2km,single_runs_london_00,51.4706,-0.4619
2026-07-26,2,2026-07-24,2026-07-24T00:00,20.3,ukmo_uk_deterministic_2km,single_runs_london_00,51.4706,-0.4619
2026-07-27,1,2026-07-26,2026-07-26T00:00,25.8,ukmo_uk_deterministic_2km,single_runs_london_00,51.4706,-0.4619
2026-07-27,2,2026-07-25,2026-07-25T00:00,18.4,ukmo_uk_deterministic_2km,single_runs_london_00,51.4706,-0.4619
2026-07-28,1,2026-07-27,2026-07-27T00:00,27.7,ukmo_uk_deterministic_2km,single_runs_london_00,51.4706,-0.4619
2026-07-28,2,2026-07-26,2026-07-26T00:00,20.4,ukmo_uk_deterministic_2km,single_runs_london_00,51.4706,-0.4619
2026-07-29,1,2026-07-28,2026-07-28T00:00,34.6,ukmo_uk_deterministic_2km,single_runs_london_00,51.4706,-0.4619
2026-07-29,2,2026-07-27,2026-07-27T00:00,20.7,ukmo_uk_deterministic_2km,single_runs_london_00,51.4706,-0.4619
2026-07-30,1,2026-07-29,2026-07-29T00:00,26.3,ukmo_uk_deterministic_2km,single_runs_london_00,51.4706,-0.4619
2026-07-30,2,2026-07-28,2026-07-28T00:00,21.1,ukmo_uk_deterministic_2km,single_runs_london_00,51.4706,-0.4619
2026-07-31,1,2026-07-30,2026-07-30T00:00,23.8,ukmo_uk_deterministic_2km,single_runs_london_00,51.4706,-0.4619
2026-07-31,2,2026-07-29,2026-07-29T00:00,18.6,ukmo_uk_deterministic_2km,single_runs_london_00,51.4706,-0.4619
2026-08-01,1,2026-07-31,2026-07-31T00:00,25.1,ukmo_uk_deterministic_2km,single_runs_london_00,51.4706,-0.4619
2026-08-01,2,2026-07-30,2026-07-30T00:00,18.1,ukmo_uk_deterministic_2km,single_runs_london_00,51.4706,-0.4619
2026-08-02,1,2026-08-01,2026-08-01T00:00,28.1,ukmo_uk_deterministic_2km,single_runs_london_00,51.4706,-0.4619
2026-08-02,2,2026-07-31,2026-07-31T00:00,19.5,ukmo_uk_deterministic_2km,single_runs_london_00,51.4706,-0.4619
2026-08-03,1,2026-08-02,2026-08-02T00:00,33.4,ukmo_uk_deterministic_2km,single_runs_london_00,51.4706,-0.4619
2026-08-03,2,2026-08-01,2026-08-01T00:00,20.2,ukmo_uk_deterministic_2km,single_runs_london_00,51.4706,-0.4619
2026-08-04,1,2026-08-03,2026-08-03T00:00,27.7,ukmo_uk_deterministic_2km,single_runs_london_00,51.4706,-0.4619
2026-08-04,2,2026-08-02,2026-08-02T00:00,23.0,ukmo_uk_deterministic_2km,single_runs_london_00,51.4706,-0.4619
2026-08-05,1,2026-08-04,2026-08-04T00:00,23.9,ukmo_uk_deterministic_2km,single_runs_london_00,51.4706,-0.4619
2026-08-05,2,2026-08-03,2026-08-03T00:00,19.8,ukmo_uk_deterministic_2km,single_runs_london_00,51.4706,-0.4619
2026-08-06,1,2026-08-05,2026-08-05T00:00,21.5,ukmo_uk_deterministic_2km,single_runs_london_00,51.4706,-0.4619
2026-08-06,2,2026-08-04,2026-08-04T00:00,16.1,ukmo_uk_deterministic_2km,single_runs_london_00,51.4706,-0.4619
2026-08-07,1,2026-08-06,2026-08-06T00:00,23.8,ukmo_uk_deterministic_2km,single_runs_london_00,51.4706,-0.4619
2026-08-07,2,2026-08-05,2026-08-05T00:00,17.3,ukmo_uk_deterministic_2km,single_runs_london_00,51.4706,-0.4619
2026-08-08,1,2026-08-07,2026-08-07T00:00,26.6,ukmo_uk_deterministic_2km,single_runs_london_00,51.4706,-0.4619
2026-08-08,2,2026-08-06,2026-08-06T00:00,17.0,ukmo_uk_deterministic_2km,single_runs_london_00,51.4706,-0.4619
2026-08-09,1,2026-08-08,2026-08-08T00:00,31.5,ukmo_uk_deterministic_2km,single_runs_london_00,51.4706,-0.4619
2026-08-09,2,2026-08-07,2026-08-07T00:00,19.7,ukmo_uk_deterministic_2km,single_runs_london_00,51.4706,-0.4619
2026-08-10,1,2026-08-09,2026-08-09T00:00,26.3,ukmo_uk_deterministic_2km,single_runs_london_00,51.4706,-0.4619
2026-08-10,2,2026-08-08,2026-08-08T00:00,21.2,ukmo_uk_deterministic_2km,single_runs_london_00,51.4706,-0.4619
2026-08-11,1,2026-08-10,2026-08-10T00:00,26.8,ukmo_uk_deterministic_2km,single_runs_london_00,51.4706,-0.4619
2026-08-11,2,2026-08-09,2026-08-09T00:00,19.0,ukmo_uk_deterministic_2km,single_runs_london_00,51.4706,-0.4619
2026-08-12,1,2026-08-11,2026-08-11T00:00,32.9,ukmo_uk_deterministic_2km,single_runs_london_00,51.4706,-0.4619
2026-08-12,2,2026-08-10,2026-08-10T00:00,18.2,ukmo_uk_deterministic_2km,single_runs_london_00,51.4706,-0.4619
2026-08-13,1,2026-08-12,2026-08-12T00:00,36.3,ukmo_uk_deterministic_2km,single_runs_london_00,51.4706,-0.4619
2026-08-13,2,2026-08-11,2026-08-11T00:00,24.3,ukmo_uk_deterministic_2km,single_runs_london_00,51.4706,-0.4619
2026-08-14,1,2026-08-13,2026-08-13T00:00,32.2,ukmo_uk_deterministic_2km,single_runs_london_00,51.4706,-0.4619
2026-08-14,2,2026-08-12,2026-08-12T00:00,24.1,ukmo_uk_deterministic_2km,single_runs_london_00,51.4706,-0.4619
2026-08-15,1,2026-08-14,2026-08-14T00:00,26.9,ukmo_uk_deterministic_2km,single_runs_london_00,51.4706,-0.4619
2026-08-15,2,2026-08-13,2026-08-13T00:00,25.1,ukmo_uk_deterministic_2km,single_runs_london_00,51.4706,-0.4619
2026-08-16,1,2026-08-15,2026-08-15T00:00,26.6,ukmo_uk_deterministic_2km,single_runs_london_00,51.4706,-0.4619
2026-08-16,2,2026-08-14,2026-08-14T00:00,19.0,ukmo_uk_deterministic_2km,single_runs_london_00,51.4706,-0.4619
2026-08-17,1,2026-08-16,2026-08-16T00:00,26.7,ukmo_uk_deterministic_2km,single_runs_london_00,51.4706,-0.4619
2026-08-17,2,2026-08-15,2026-08-15T00:00,21.3,ukmo_uk_deterministic_2km,single_runs_london_00,51.4706,-0.4619
2026-08-18,1,2026-08-17,2026-08-17T00:00,25.2,ukmo_uk_deterministic_2km,single_runs_london_00,51.4706,-0.4619
2026-08-18,2,2026-08-16,2026-08-16T00:00,20.6,ukmo_uk_deterministic_2km,single_runs_london_00,51.4706,-0.4619
2026-08-19,1,2026-08-18,2026-08-18T00:00,22.4,ukmo_uk_deterministic_2km,single_runs_london_00,51.4706,-0.4619
2026-08-19,2,2026-08-17,2026-08-17T00:00,19.2,ukmo_uk_deterministic_2km,single_runs_london_00,51.4706,-0.4619
2026-08-20,1,2026-08-19,2026-08-19T00:00,21.4,ukmo_uk_deterministic_2km,single_runs_london_00,51.4706,-0.4619
2026-08-20,2,2026-08-18,2026-08-18T00:00,16.2,ukmo_uk_deterministic_2km,single_runs_london_00,51.4706,-0.4619
2026-08-21,1,2026-08-20,2026-08-20T00:00,20.2,ukmo_uk_deterministic_2km,single_runs_london_00,51.4706,-0.4619
2026-08-21,2,2026-08-19,2026-08-19T00:00,15.7,ukmo_uk_deterministic_2km,single_runs_london_00,51.4706,-0.4619
2026-08-22,1,2026-08-21,2026-08-21T00:00,20.8,ukmo_uk_deterministic_2km,single_runs_london_00,51.4706,-0.4619
2026-08-22,2,2026-08-20,2026-08-20T00:00,14.0,ukmo_uk_deterministic_2km,single_runs_london_00,51.4706,-0.4619
2026-08-23,1,2026-08-22,2026-08-22T00:00,22.8,ukmo_uk_deterministic_2km,single_runs_london_00,51.4706,-0.4619
2026-08-23,2,2026-08-21,2026-08-21T00:00,15.0,ukmo_uk_deterministic_2km,single_runs_london_00,51.4706,-0.4619
2026-08-24,1,2026-08-23,2026-08-23T00:00,22.9,ukmo_uk_deterministic_2km,single_runs_london_00,51.4706,-0.4619
2026-08-24,2,2026-08-22,2026-08-22T00:00,17.3,ukmo_uk_deterministic_2km,single_runs_london_00,51.4706,-0.4619
2026-08-25,1,2026-08-24,2026-08-24T00:00,26.0,ukmo_uk_deterministic_2km,single_runs_london_00,51.4706,-0.4619
2026-08-25,2,2026-08-23,2026-08-23T00:00,18.2,ukmo_uk_deterministic_2km,single_runs_london_00,51.4706,-0.4619
2026-08-26,1,2026-08-25,2026-08-25T00:00,25.0,ukmo_uk_deterministic_2km,single_runs_london_00,51.4706,-0.4619
2026-08-26,2,2026-08-24,2026-08-24T00:00,18.9,ukmo_uk_deterministic_2km,single_runs_london_00,51.4706,-0.4619
2026-08-27,1,2026-08-26,2026-08-26T00:00,24.3,ukmo_uk_deterministic_2km,single_runs_london_00,51.4706,-0.4619
2026-08-27,2,2026-08-25,2026-08-25T00:00,20.0,ukmo_uk_deterministic_2km,single_runs_london_00,51.4706,-0.4619
2026-08-28,1,2026-08-27,2026-08-27T00:00,23.3,ukmo_uk_deterministic_2km,single_runs_london_00,51.4706,-0.4619
2026-08-28,2,2026-08-26,2026-08-26T00:00,18.4,ukmo_uk_deterministic_2km,single_runs_london_00,51.4706,-0.4619
2026-08-29,1,2026-08-28,2026-08-28T00:00,20.0,ukmo_uk_deterministic_2km,single_runs_london_00,51.4706,-0.4619
2026-08-29,2,2026-08-27,2026-08-27T00:00,17.3,ukmo_uk_deterministic_2km,single_runs_london_00,51.4706,-0.4619
2026-08-30,1,2026-08-29,2026-08-29T00:00,21.5,ukmo_uk_deterministic_2km,single_runs_london_00,51.4706,-0.4619
2026-08-30,2,2026-08-28,2026-08-28T00:00,17.7,ukmo_uk_deterministic_2km,single_runs_london_00,51.4706,-0.4619
2026-08-31,1,2026-08-30,2026-08-30T00:00,21.5,ukmo_uk_deterministic_2km,single_runs_london_00,51.4706,-0.4619
2026-08-31,2,2026-08-29,2026-08-29T00:00,16.3,ukmo_uk_deterministic_2km,single_runs_london_00,51.4706,-0.4619
2026-09-01,1,2026-08-31,2026-08-31T00:00,20.7,ukmo_uk_deterministic_2km,single_runs_london_00,51.4706,-0.4619
2026-09-01,2,2026-08-30,2026-08-30T00:00,15.6,ukmo_uk_deterministic_2km,single_runs_london_00,51.4706,-0.4619
2026-09-02,1,2026-09-01,2026-09-01T00:00,21.5,ukmo_uk_deterministic_2km,single_runs_london_00,51.4706,-0.4619
2026-09-02,2,2026-08-31,2026-08-31T00:00,16.7,ukmo_uk_deterministic_2km,single_runs_london_00,51.4706,-0.4619
2026-09-03,1,2026-09-02,2026-09-02T00:00,26.0,ukmo_uk_deterministic_2km,single_runs_london_00,51.4706,-0.4619
2026-09-03,2,2026-09-01,2026-09-01T00:00,18.7,ukmo_uk_deterministic_2km,single_runs_london_00,51.4706,-0.4619
2026-09-04,1,2026-09-03,2026-09-03T00:00,21.8,ukmo_uk_deterministic_2km,single_runs_london_00,51.4706,-0.4619
2026-09-04,2,2026-09-02,2026-09-02T00:00,20.6,ukmo_uk_deterministic_2km,single_runs_london_00,51.4706,-0.4619
2026-09-05,1,2026-09-04,2026-09-04T00:00,22.0,ukmo_uk_deterministic_2km,single_runs_london_00,51.4706,-0.4619
2026-09-05,2,2026-09-03,2026-09-03T00:00,14.7,ukmo_uk_deterministic_2km,single_runs_london_00,51.4706,-0.4619
2026-09-06,1,2026-09-05,2026-09-05T00:00,24.3,ukmo_uk_deterministic_2km,single_runs_london_00,51.4706,-0.4619
2026-09-06,2,2026-09-04,2026-09-04T00:00,16.1,ukmo_uk_deterministic_2km,single_runs_london_00,51.4706,-0.4619
2026-09-07,1,2026-09-06,2026-09-06T00:00,23.0,ukmo_uk_deterministic_2km,single_runs_london_00,51.4706,-0.4619
2026-09-07,2,2026-09-05,2026-09-05T00:00,18.3,ukmo_uk_deterministic_2km,single_runs_london_00,51.4706,-0.4619
2026-09-08,1,2026-09-07,2026-09-07T00:00,21.5,ukmo_uk_deterministic_2km,single_runs_london_00,51.4706,-0.4619
2026-09-08,2,2026-09-06,2026-09-06T00:00,17.7,ukmo_uk_deterministic_2km,single_runs_london_00,51.4706,-0.4619
2026-09-09,1,2026-09-08,2026-09-08T00:00,19.0,ukmo_uk_deterministic_2km,single_runs_london_00,51.4706,-0.4619
2026-09-09,2,2026-09-07,2026-09-07T00:00,13.8,ukmo_uk_deterministic_2km,single_runs_london_00,51.4706,-0.4619
2026-09-10,1,2026-09-09,2026-09-09T00:00,19.7,ukmo_uk_deterministic_2km,single_runs_london_00,51.4706,-0.4619
2026-09-10,2,2026-09-08,2026-09-08T00:00,14.6,ukmo_uk_deterministic_2km,single_runs_london_00,51.4706,-0.4619
2026-09-11,1,2026-09-10,2026-09-10T00:00,21.8,ukmo_uk_deterministic_2km,single_runs_london_00,51.4706,-0.4619
2026-09-11,2,2026-09-09,2026-09-09T00:00,16.4,ukmo_uk_deterministic_2km,single_runs_london_00,51.4706,-0.4619
2026-09-12,1,2026-09-11,2026-09-11T00:00,23.4,ukmo_uk_deterministic_2km,single_runs_london_00,51.4706,-0.4619
2026-09-12,2,2026-09-10,2026-09-10T00:00,16.2,ukmo_uk_deterministic_2km,single_runs_london_00,51.4706,-0.4619
2026-09-13,1,2026-09-12,2026-09-12T00:00,22.9,ukmo_uk_deterministic_2km,single_runs_london_00,51.4706,-0.4619
2026-09-13,2,2026-09-11,2026-09-11T00:00,18.1,ukmo_uk_deterministic_2km,single_runs_london_00,51.4706,-0.4619
2026-09-14,1,2026-09-13,2026-09-13T00:00,23.3,ukmo_uk_deterministic_2km,single_runs_london_00,51.4706,-0.4619
2026-09-14,2,2026-09-12,2026-09-12T00:00,19.3,ukmo_uk_deterministic_2km,single_runs_london_00,51.4706,-0.4619
2026-09-15,1,2026-09-14,2026-09-14T00:00,21.7,ukmo_uk_deterministic_2km,single_runs_london_00,51.4706,-0.4619
2026-09-15,2,2026-09-13,2026-09-13T00:00,17.9,ukmo_uk_deterministic_2km,single_runs_london_00,51.4706,-0.4619
2026-09-16,1,2026-09-15,2026-09-15T00:00,18.8,ukmo_uk_deterministic_2km,single_runs_london_00,51.4706,-0.4619
2026-09-16,2,2026-09-14,2026-09-14T00:00,15.2,ukmo_uk_deterministic_2km,single_runs_london_00,51.4706,-0.4619
2026-09-17,1,2026-09-16,2026-09-16T00:00,20.3,ukmo_uk_deterministic_2km,single_runs_london_00,51.4706,-0.4619
2026-09-17,2,2026-09-15,2026-09-15T00:00,14.3,ukmo_uk_deterministic_2km,single_runs_london_00,51.4706,-0.4619
2026-09-18,1,2026-09-17,2026-09-17T00:00,20.5,ukmo_uk_deterministic_2km,single_runs_london_00,51.4706,-0.4619
2026-09-18,2,2026-09-16,2026-09-16T00:00,12.9,ukmo_uk_deterministic_2km,single_runs_london_00,51.4706,-0.4619
2026-09-19,1,2026-09-18,2026-09-18T00:00,21.7,ukmo_uk_deterministic_2km,single_runs_london_00,51.4706,-0.4619
2026-09-19,2,2026-09-17,2026-09-17T00:00,16.8,ukmo_uk_deterministic_2km,single_runs_london_00,51.4706,-0.4619
2026-09-20,1,2026-09-19,2026-09-19T00:00,19.1,ukmo_uk_deterministic_2km,single_runs_london_00,51.4706,-0.4619
2026-09-20,2,2026-09-18,2026-09-18T00:00,17.0,ukmo_uk_deterministic_2km,single_runs_london_00,51.4706,-0.4619
2026-09-21,1,2026-09-20,2026-09-20T00:00,21.6,ukmo_uk_deterministic_2km,single_runs_london_00,51.4706,-0.4619
2026-09-21,2,2026-09-19,2026-09-19T00:00,13.5,ukmo_uk_deterministic_2km,single_runs_london_00,51.4706,-0.4619
2026-09-22,1,2026-09-21,2026-09-21T00:00,23.1,ukmo_uk_deterministic_2km,single_runs_london_00,51.4706,-0.4619
2026-09-22,2,2026-09-20,2026-09-20T00:00,16.2,ukmo_uk_deterministic_2km,single_runs_london_00,51.4706,-0.4619
2026-09-23,1,2026-09-22,2026-09-22T00:00,22.6,ukmo_uk_deterministic_2km,single_runs_london_00,51.4706,-0.4619
2026-09-23,2,2026-09-21,2026-09-21T00:00,16.5,ukmo_uk_deterministic_2km,single_runs_london_00,51.4706,-0.4619
2026-09-24,1,2026-09-23,2026-09-23T00:00,22.3,ukmo_uk_deterministic_2km,single_runs_london_00,51.4706,-0.4619
2026-09-24,2,2026-09-22,2026-09-22T00:00,12.3,ukmo_uk_deterministic_2km,single_runs_london_00,51.4706,-0.4619
2026-09-25,1,2026-09-24,2026-09-24T00:00,23.1,ukmo_uk_deterministic_2km,single_runs_london_00,51.4706,-0.4619
2026-09-25,2,2026-09-23,2026-09-23T00:00,12.9,ukmo_uk_deterministic_2km,single_runs_london_00,51.4706,-0.4619
2026-09-26,1,2026-09-25,2026-09-25T00:00,19.8,ukmo_uk_deterministic_2km,single_runs_london_00,51.4706,-0.4619
2026-09-26,2,2026-09-24,2026-09-24T00:00,16.7,ukmo_uk_deterministic_2km,single_runs_london_00,51.4706,-0.4619
2026-09-27,1,2026-09-26,2026-09-26T00:00,23.0,ukmo_uk_deterministic_2km,single_runs_london_00,51.4706,-0.4619
2026-09-27,2,2026-09-25,2026-09-25T00:00,14.6,ukmo_uk_deterministic_2km,single_runs_london_00,51.4706,-0.4619
2026-09-28,1,2026-09-27,2026-09-27T00:00,18.1,ukmo_uk_deterministic_2km,single_runs_london_00,51.4706,-0.4619
2026-09-28,2,2026-09-26,2026-09-26T00:00,13.9,ukmo_uk_deterministic_2km,single_runs_london_00,51.4706,-0.4619
2026-09-29,1,2026-09-28,2026-09-28T00:00,25.9,ukmo_uk_deterministic_2km,single_runs_london_00,51.4706,-0.4619
2026-09-29,2,2026-09-27,2026-09-27T00:00,15.5,ukmo_uk_deterministic_2km,single_runs_london_00,51.4706,-0.4619
2026-09-30,1,2026-09-29,2026-09-29T00:00,23.5,ukmo_uk_deterministic_2km,single_runs_london_00,51.4706,-0.4619
2026-09-30,2,2026-09-28,2026-09-28T00:00,20.3,ukmo_uk_deterministic_2km,single_runs_london_00,51.4706,-0.4619
2026-10-01,1,2026-09-30,2026-09-30T00:00,20.2,ukmo_uk_deterministic_2km,single_runs_london_00,51.4706,-0.4619
2026-10-01,2,2026-09-29,2026-09-29T00:00,15.8,ukmo_uk_deterministic_2km,single_runs_london_00,51.4706,-0.4619
2026-10-02,1,2026-10-01,2026-10-01T00:00,20.4,ukmo_uk_deterministic_2km,single_runs_london_00,51.4706,-0.4619
2026-10-02,2,2026-09-30,2026-09-30T00:00,12.5,ukmo_uk_deterministic_2km,single_runs_london_00,51.4706,-0.4619
2026-10-03,1,2026-10-02,2026-10-02T00:00,21.1,ukmo_uk_deterministic_2km,single_runs_london_00,51.4706,-0.4619
2026-10-03,2,2026-10-01,2026-10-01T00:00,14.3,ukmo_uk_deterministic_2km,single_runs_london_00,51.4706,-0.4619
2026-10-04,1,2026-10-03,2026-10-03T00:00,21.1,ukmo_uk_deterministic_2km,single_runs_london_00,51.4706,-0.4619
2026-10-04,2,2026-10-02,2026-10-02T00:00,16.2,ukmo_uk_deterministic_2km,single_runs_london_00,51.4706,-0.4619
2026-10-05,1,2026-10-04,2026-10-04T00:00,21.9,ukmo_uk_deterministic_2km,single_runs_london_00,51.4706,-0.4619
2026-10-05,2,2026-10-03,2026-10-03T00:00,14.6,ukmo_uk_deterministic_2km,single_runs_london_00,51.4706,-0.4619
2026-10-06,2,2026-10-04,2026-10-04T00:00,14.6,ukmo_uk_deterministic_2km,single_runs_london_00,51.4706,-0.4619
